-- phpMyAdmin SQL Dump
-- version 5.2.1
-- https://www.phpmyadmin.net/
--
-- Host: 127.0.0.1
-- Generation Time: Nov 24, 2024 at 10:30 AM
-- Server version: 10.4.32-MariaDB
-- PHP Version: 8.0.30

SET SQL_MODE = "NO_AUTO_VALUE_ON_ZERO";
START TRANSACTION;
SET time_zone = "+00:00";


/*!40101 SET @OLD_CHARACTER_SET_CLIENT=@@CHARACTER_SET_CLIENT */;
/*!40101 SET @OLD_CHARACTER_SET_RESULTS=@@CHARACTER_SET_RESULTS */;
/*!40101 SET @OLD_COLLATION_CONNECTION=@@COLLATION_CONNECTION */;
/*!40101 SET NAMES utf8mb4 */;

--
-- Database: `csdlnc`
--

-- --------------------------------------------------------

--
-- Table structure for table `answer`
--

CREATE TABLE `answer` (
  `id` int(11) NOT NULL,
  `answer` varchar(255) CHARACTER SET utf8 COLLATE utf8_general_ci NOT NULL,
  `id_question` int(11) NOT NULL,
  `correct` enum('1','0') NOT NULL DEFAULT '0'
) ENGINE=InnoDB DEFAULT CHARSET=utf8mb4 COLLATE=utf8mb4_general_ci;

--
-- Dumping data for table `answer`
--

INSERT INTO `answer` (`id`, `answer`, `id_question`, `correct`) VALUES
(1, 'Một phần mềm ứng dụng', 1, '0'),
(2, 'Một phần mềm hệ thống', 1, '1'),
(3, 'Một thiết bị ngoại vi', 1, '0'),
(4, 'Một trình duyệt web', 1, '0'),
(5, 'Quản lý bộ nhớ', 2, '0'),
(6, 'Quản lý tài nguyên', 2, '0'),
(7, 'Phát triển phần mềm ứng dụng', 2, '1'),
(8, 'Quản lý tiến trình', 2, '0'),
(9, 'Random Access Memory', 3, '1'),
(10, 'Read Access Memory', 3, '0'),
(11, 'Read And Memory', 3, '0'),
(12, 'Run Access Memory', 3, '0'),
(13, 'RAM', 4, '0'),
(14, 'ROM', 4, '0'),
(15, 'Đĩa cứng', 4, '1'),
(16, 'Cache', 4, '0'),
(17, 'Đơn vị lưu trữ dữ liệu lớn nhất', 5, '0'),
(18, 'Đơn vị lưu trữ dữ liệu nhỏ nhất', 5, '1'),
(19, 'Một tập hợp của 8 byte', 5, '0'),
(20, 'Một dạng thiết bị lưu trữ', 5, '0'),
(21, 'Assembler', 6, '0'),
(22, 'Machine Code', 6, '0'),
(23, 'Python', 6, '1'),
(24, 'Binary', 6, '0'),
(25, 'Màn hình', 7, '0'),
(26, 'Chuột', 7, '1'),
(27, 'Đĩa cứng', 7, '0'),
(28, 'Bộ nhớ RAM', 7, '0'),
(29, 'Hyper Text Markup Language', 8, '1'),
(30, 'High Text Machine Language', 8, '0'),
(31, 'Hyperlink and Text Markup Language', 8, '0'),
(32, 'Home Tool Markup Language', 8, '0'),
(33, 'CPU (Bộ xử lý trung tâm)', 9, '0'),
(34, 'ROM', 9, '1'),
(35, 'Thiết bị đầu vào/đầu ra', 9, '0'),
(36, 'Bộ nhớ chính', 9, '0'),
(37, 'Windows', 10, '0'),
(38, 'Linux', 10, '1'),
(39, 'MacOS', 10, '0'),
(40, 'Microsoft Office', 10, '0'),
(41, 'RAM', 11, '0'),
(42, 'Ổ cứng', 11, '0'),
(43, 'CPU', 11, '1'),
(44, 'Nguồn máy tính', 11, '0'),
(45, 'Kilobyte (KB)', 12, '0'),
(46, 'Megabyte (MB)', 12, '0'),
(47, 'Gigabyte (GB)', 12, '0'),
(48, 'Terabyte (TB)', 12, '1'),
(49, 'FTP', 13, '0'),
(50, 'SMTP', 13, '0'),
(51, 'HTTP', 13, '1'),
(52, 'POP3', 13, '0'),
(53, 'Ctrl + A', 14, '0'),
(54, 'Ctrl + C', 14, '1'),
(55, 'Ctrl + V', 14, '0'),
(56, 'Ctrl + X', 14, '0'),
(57, 'RAM', 15, '1'),
(58, 'ROM', 15, '0'),
(59, 'SSD', 15, '0'),
(60, 'HDD', 15, '0'),
(61, 'Microsoft Word', 16, '1'),
(62, 'Windows', 16, '0'),
(63, 'Linux', 16, '0'),
(64, 'MacOS', 16, '0'),
(65, 'FTP', 17, '0'),
(66, 'SMTP', 17, '1'),
(67, 'HTTP', 17, '0'),
(68, 'IMAP', 17, '0'),
(69, 'Linux', 18, '0'),
(70, 'Windows', 18, '1'),
(71, 'Android', 18, '0'),
(72, 'Ubuntu', 18, '0'),
(73, 'Màn hình', 19, '0'),
(74, 'Chuột', 19, '1'),
(75, 'Loa', 19, '0'),
(76, 'Ổ cứng', 19, '0'),
(77, 'Java', 20, '1'),
(78, 'C++', 20, '0'),
(79, 'Python', 20, '0'),
(80, 'Swift', 20, '0'),
(81, 'Linux', 21, '0'),
(82, 'Windows', 21, '1'),
(83, 'Ubuntu', 21, '0'),
(84, 'Fedora', 21, '0'),
(85, 'TXT', 22, '1'),
(86, 'PDF', 22, '0'),
(87, 'JPEG', 22, '0'),
(88, 'HTML', 22, '0'),
(89, 'Microsoft Word', 23, '0'),
(90, 'Google Chrome', 23, '1'),
(91, 'Excel', 23, '0'),
(92, 'PowerPoint', 23, '0'),
(93, 'Bluetooth', 24, '1'),
(94, 'Ethernet', 24, '0'),
(95, 'USB', 24, '0'),
(96, 'HDMI', 24, '0'),
(97, 'Linux', 25, '0'),
(98, 'Windows', 25, '0'),
(99, 'MacOS', 25, '1'),
(100, 'Ubuntu', 25, '0'),
(101, 'SSL', 26, '1'),
(102, 'HTTP', 26, '0'),
(103, 'FTP', 26, '0'),
(104, 'SMTP', 26, '0'),
(105, 'Java', 27, '1'),
(106, 'C#', 27, '0'),
(107, 'Ruby', 27, '0'),
(108, 'Swift', 27, '0'),
(109, 'MySQL', 28, '1'),
(110, 'Adobe Reader', 28, '0'),
(111, 'Notepad', 28, '0'),
(112, 'Photoshop', 28, '0'),
(113, 'Trojan', 29, '1'),
(114, 'HTML', 29, '0'),
(115, 'CSS', 29, '0'),
(116, 'JavaScript', 29, '0'),
(117, 'Mainframe', 30, '0'),
(118, 'Desktop', 30, '1'),
(119, 'Supercomputer', 30, '0'),
(120, 'Workstation', 30, '0'),
(121, 'Microsoft Excel', 31, '0'),
(122, 'Adobe Photoshop', 31, '1'),
(123, 'Microsoft Word', 31, '0'),
(124, 'Microsoft PowerPoint', 31, '0'),
(125, 'Central Processing Unit', 32, '1'),
(126, 'Control Processing Unit', 32, '0'),
(127, 'Computer Personal Unit', 32, '0'),
(128, 'Central Personal Unit', 32, '0'),
(129, 'LAN', 33, '0'),
(130, 'WAN', 33, '1'),
(131, 'MAN', 33, '0'),
(132, 'PAN', 33, '0'),
(133, 'MP4', 34, '1'),
(134, 'MP3', 34, '0'),
(135, 'JPEG', 34, '0'),
(136, 'DOCX', 34, '0'),
(137, 'Microsoft PowerPoint', 35, '1'),
(138, 'Excel', 35, '0'),
(139, 'Word', 35, '0'),
(140, 'Notepad', 35, '0'),
(141, 'Sao lưu dữ liệu', 36, '1'),
(142, 'Chỉ lưu trên USB', 36, '0'),
(143, 'Không sử dụng mật khẩu', 36, '0'),
(144, 'Chia sẻ công khai', 36, '0'),
(145, 'Mạng trường học', 37, '1'),
(146, 'Internet', 37, '0'),
(147, 'Mạng toàn cầu', 37, '0'),
(148, 'Mạng vệ tinh', 37, '0'),
(149, 'Android Studio', 38, '1'),
(150, 'PowerPoint', 38, '0'),
(151, 'Excel', 38, '0'),
(152, 'Notepad', 38, '0'),
(153, 'Adobe Photoshop', 39, '1'),
(154, 'Microsoft Word', 39, '0'),
(155, 'Excel', 39, '0'),
(156, 'PowerPoint', 39, '0'),
(157, '3G', 40, '0'),
(158, '4G', 40, '1'),
(159, 'Dial-up', 40, '0'),
(160, 'Ethernet', 40, '0'),
(161, 'Facebook', 41, '1'),
(162, 'Microsoft Word', 41, '0'),
(163, 'Excel', 41, '0'),
(164, 'Photoshop', 41, '0'),
(165, 'Windows', 42, '1'),
(166, 'Linux', 42, '0'),
(167, 'MacOS', 42, '0'),
(168, 'Ubuntu', 42, '0'),
(169, 'Microsoft Word', 43, '0'),
(170, 'Adobe Reader', 43, '1'),
(171, 'Microsoft Excel', 43, '0'),
(172, 'Microsoft PowerPoint', 43, '0'),
(173, 'PHP', 44, '1'),
(174, 'HTML', 44, '0'),
(175, 'CSS', 44, '0'),
(176, 'JavaScript', 44, '0'),
(177, 'Dropbox', 45, '1'),
(178, 'DVD', 45, '0'),
(179, 'HDD', 45, '0'),
(180, 'USB', 45, '0'),
(181, 'XLSX', 46, '1'),
(182, 'DOCX', 46, '0'),
(183, 'PDF', 46, '0'),
(184, 'TXT', 46, '0'),
(185, 'Antivirus', 47, '1'),
(186, 'Photoshop', 47, '0'),
(187, 'Notepad', 47, '0'),
(188, 'Excel', 47, '0'),
(189, 'Wi-Fi', 48, '1'),
(190, 'USB', 48, '0'),
(191, 'HDMI', 48, '0'),
(192, 'Ethernet', 48, '0'),
(193, 'DDoS', 49, '1'),
(194, 'Debugging', 49, '0'),
(195, 'Compiling', 49, '0'),
(196, 'Rendering', 49, '0'),
(197, 'Adobe Premiere', 50, '1'),
(198, 'Microsoft Word', 50, '0'),
(199, 'Excel', 50, '0'),
(200, 'Notepad', 50, '0'),
(201, 'Google Chrome', 51, '1'),
(202, 'Microsoft Word', 51, '0'),
(203, 'Excel', 51, '0'),
(204, 'PowerPoint', 51, '0'),
(205, 'Swift', 52, '1'),
(206, 'Java', 52, '0'),
(207, 'C++', 52, '0'),
(208, 'Python', 52, '0'),
(209, 'Visual Studio', 53, '0'),
(210, 'Eclipse', 53, '0'),
(211, 'Photoshop', 53, '1'),
(212, 'NetBeans', 53, '0'),
(213, 'JPEG', 54, '1'),
(214, 'TXT', 54, '0'),
(215, 'DOCX', 54, '0'),
(216, 'MP4', 54, '0'),
(217, 'Microsoft Excel', 55, '1'),
(218, 'Adobe Photoshop', 55, '0'),
(219, 'Word', 55, '0'),
(220, 'Notepad', 55, '0'),
(221, 'Phishing', 56, '1'),
(222, 'Rendering', 56, '0'),
(223, 'Debugging', 56, '0'),
(224, 'Compiling', 56, '0'),
(225, 'Fiber Optic', 57, '1'),
(226, 'Ethernet', 57, '0'),
(227, 'Wi-Fi', 57, '0'),
(228, 'Bluetooth', 57, '0'),
(229, 'C++', 58, '1'),
(230, 'HTML', 58, '0'),
(231, 'CSS', 58, '0'),
(232, 'PHP', 58, '0'),
(233, 'Microsoft Outlook', 59, '1'),
(234, 'Word', 59, '0'),
(235, 'Excel', 59, '0'),
(236, 'Photoshop', 59, '0'),
(237, 'Supercomputer', 60, '1'),
(238, 'Desktop', 60, '0'),
(239, 'Laptop', 60, '0'),
(240, 'Tablet', 60, '0'),
(241, 'Sử dụng mật khẩu mạnh', 61, '1'),
(242, 'Chia sẻ mật khẩu', 61, '0'),
(243, 'Không cần mã hóa', 61, '0'),
(244, 'Không cập nhật phần mềm', 61, '0'),
(245, 'Skype', 62, '1'),
(246, 'Microsoft Word', 62, '0'),
(247, 'Excel', 62, '0'),
(248, 'PowerPoint', 62, '0'),
(249, 'Wi-Fi', 63, '1'),
(250, 'Ethernet', 63, '0'),
(251, 'USB', 63, '0'),
(252, 'HDMI', 63, '0'),
(253, 'Microsoft Project', 64, '1'),
(254, 'Word', 64, '0'),
(255, 'Excel', 64, '0'),
(256, 'PowerPoint', 64, '0'),
(257, 'DOCX', 65, '1'),
(258, 'JPEG', 65, '0'),
(259, 'MP4', 65, '0'),
(260, 'HTML', 65, '0'),
(261, 'Xcode', 66, '1'),
(262, 'Visual Studio', 66, '0'),
(263, 'Eclipse', 66, '0'),
(264, 'Notepad', 66, '0'),
(265, 'Cloud Computing', 67, '1'),
(266, 'Local Storage', 67, '0'),
(267, 'USB Storage', 67, '0'),
(268, 'DVD', 67, '0'),
(269, 'Adobe Acrobat Reader', 68, '1'),
(270, 'Microsoft Word', 68, '0'),
(271, 'Excel', 68, '0'),
(272, 'PowerPoint', 68, '0'),
(273, 'TB', 69, '0'),
(274, 'MB', 69, '1'),
(275, 'PB', 69, '0'),
(276, 'KB', 69, '0'),
(277, 'Python', 70, '0'),
(278, 'Java', 70, '0'),
(279, 'JavaScript', 70, '1'),
(280, 'C++', 70, '0'),
(281, 'Android', 71, '0'),
(282, 'iOS', 71, '0'),
(283, 'Windows Phone', 71, '0'),
(284, 'Windows 10', 71, '1'),
(285, 'Notepad', 72, '0'),
(286, 'Photoshop', 72, '1'),
(287, 'Word', 72, '0'),
(288, 'Excel', 72, '0'),
(289, '.docx', 73, '0'),
(290, '.jpg', 73, '1'),
(291, '.exe', 73, '0'),
(292, '.mp3', 73, '0'),
(293, 'Nhập, xử lý, xuất', 74, '1'),
(294, 'Xử lý, lưu trữ, nhập', 74, '0'),
(295, 'Lưu trữ, xuất, nhập', 74, '0'),
(296, 'Nhập, xuất, lưu trữ', 74, '0'),
(297, 'Word', 75, '0'),
(298, 'Excel', 75, '1'),
(299, 'PowerPoint', 75, '0'),
(300, 'Access', 75, '0'),
(301, 'Bảng', 76, '1'),
(302, 'Hình ảnh', 76, '0'),
(303, 'Văn bản', 76, '0'),
(304, 'Âm thanh', 76, '0'),
(305, 'Norton', 77, '0'),
(306, 'McAfee', 77, '0'),
(307, 'Photoshop', 77, '1'),
(308, 'Kaspersky', 77, '0'),
(309, 'C#', 78, '0'),
(310, 'JavaScript', 78, '1'),
(311, 'Ruby', 78, '0'),
(312, 'Swift', 78, '0'),
(313, 'Mạng rộng lớn', 79, '0'),
(314, 'Mạng cục bộ', 79, '1'),
(315, 'Mạng không dây', 79, '0'),
(316, 'Mạng toàn cầu', 79, '0'),
(317, 'Hypertext Markup Language', 80, '1'),
(318, 'High-level Text Markup Language', 80, '0'),
(319, 'Hyperlink and Text Markup Language', 80, '0'),
(320, 'Hypertext Multilayer Language', 80, '0'),
(321, 'Photoshop', 81, '0'),
(322, 'Word', 81, '1'),
(323, 'Excel', 81, '0'),
(324, 'Outlook', 81, '0'),
(325, 'FTP', 82, '0'),
(326, 'HTTP', 82, '0'),
(327, 'SMTP', 82, '1'),
(328, 'POP3', 82, '0'),
(329, '.txt', 83, '1'),
(330, '.jpg', 83, '0'),
(331, '.exe', 83, '0'),
(332, '.mp3', 83, '0'),
(333, '.exe', 84, '1'),
(334, '.txt', 84, '0'),
(335, '.jpg', 84, '0'),
(336, '.docx', 84, '0'),
(337, 'MySQL', 85, '1'),
(338, 'Photoshop', 85, '0'),
(339, 'Word', 85, '0'),
(340, 'PowerPoint', 85, '0'),
(341, 'Web browser', 86, '1'),
(342, 'Text editor', 86, '0'),
(343, 'Spreadsheet', 86, '0'),
(344, 'Database', 86, '0'),
(345, 'Photoshop', 87, '0'),
(346, 'Dreamweaver', 87, '1'),
(347, 'Word', 87, '0'),
(348, 'Access', 87, '0'),
(349, '32 bit', 88, '1'),
(350, '16 bit', 88, '0'),
(351, '64 bit', 88, '0'),
(352, '128 bit', 88, '0'),
(353, 'Visual Studio', 89, '0'),
(354, 'Android Studio', 89, '1'),
(355, 'Eclipse', 89, '0'),
(356, 'NetBeans', 89, '0'),
(357, 'SSD', 90, '0'),
(358, 'HDD', 90, '0'),
(359, 'Virtualization', 90, '1'),
(360, 'RAID', 90, '0'),
(361, 'Chrome', 91, '1'),
(362, 'Word', 91, '0'),
(363, 'Excel', 91, '0'),
(364, 'PowerPoint', 91, '0'),
(365, '2.4 GHz', 92, '1'),
(366, '5 GHz', 92, '0'),
(367, '10 GHz', 92, '0'),
(368, '20 GHz', 92, '0'),
(369, 'Photoshop', 93, '0'),
(370, 'Sublime Text', 93, '1'),
(371, 'Word', 93, '0'),
(372, 'Excel', 93, '0'),
(373, 'Trello', 94, '1'),
(374, 'Photoshop', 94, '0'),
(375, 'Word', 94, '0'),
(376, 'Excel', 94, '0'),
(377, 'Audacity', 95, '1'),
(378, 'Word', 95, '0'),
(379, 'Excel', 95, '0'),
(380, 'PowerPoint', 95, '0'),
(381, '.mp3', 96, '1'),
(382, '.jpg', 96, '0'),
(383, '.exe', 96, '0'),
(384, '.txt', 96, '0'),
(385, 'Illustrator', 97, '0'),
(386, 'InDesign', 97, '0'),
(387, 'Notepad', 97, '1'),
(388, 'Photoshop', 97, '0'),
(389, 'HTML', 98, '1'),
(390, 'PDF', 98, '0'),
(391, 'DOCX', 98, '0'),
(392, 'PPTX', 98, '0'),
(393, '2', 99, '0'),
(394, '3', 99, '1'),
(395, '4', 99, '0'),
(396, '5', 99, '0'),
(397, 'Outlook', 100, '1'),
(398, 'Word', 100, '0'),
(399, 'Excel', 100, '0'),
(400, 'Photoshop', 100, '0'),
(401, 'Mbps', 101, '1'),
(402, 'MB', 101, '0'),
(403, 'GB', 101, '0'),
(404, 'KB', 101, '0'),
(405, 'Phần mềm soạn thảo văn bản', 102, '0'),
(406, 'Phần mềm bảng tính', 102, '1'),
(407, 'Phần mềm trình chiếu', 102, '0'),
(408, 'Phần mềm quản lý cơ sở dữ liệu', 102, '0'),
(409, 'Encryption', 103, '1'),
(410, 'Compression', 103, '0'),
(411, 'Decryption', 103, '0'),
(412, 'Encoding', 103, '0'),
(413, 'Visual Studio', 104, '1'),
(414, 'Word', 104, '0'),
(415, 'Excel', 104, '0'),
(416, 'PowerPoint', 104, '0'),
(417, 'Photoshop', 105, '0'),
(418, 'Eclipse', 105, '1'),
(419, 'Word', 105, '0'),
(420, 'Excel', 105, '0'),
(421, 'Premiere Pro', 106, '1'),
(422, 'Word', 106, '0'),
(423, 'Excel', 106, '0'),
(424, 'Photoshop', 106, '0'),
(425, 'Mạng cục bộ', 107, '0'),
(426, 'Mạng rộng lớn', 107, '1'),
(427, 'Mạng không dây', 107, '0'),
(428, 'Mạng nội bộ', 107, '0'),
(429, 'Word', 108, '0'),
(430, 'Excel', 108, '0'),
(431, 'PowerPoint', 108, '0'),
(432, 'Photoshop', 108, '1'),
(433, 'Lưu trữ dữ liệu trên máy tính cá nhân', 109, '0'),
(434, 'Lưu trữ dữ liệu trên internet', 109, '1'),
(435, 'Lưu trữ dữ liệu trên ổ cứng', 109, '0'),
(436, 'Lưu trữ dữ liệu trên USB', 109, '0'),
(437, 'PowerPoint', 110, '1'),
(438, 'Word', 110, '0'),
(439, 'Excel', 110, '0'),
(440, 'Access', 110, '0'),
(441, 'Illustrator', 111, '0'),
(442, 'CorelDRAW', 111, '0'),
(443, 'Photoshop', 111, '1'),
(444, 'Inkscape', 111, '0'),
(445, 'WordPress', 112, '1'),
(446, 'Photoshop', 112, '0'),
(447, 'Excel', 112, '0'),
(448, 'Outlook', 112, '0'),
(449, 'Trello', 113, '1'),
(450, 'Photoshop', 113, '0'),
(451, 'Word', 113, '0'),
(452, 'Excel', 113, '0'),
(453, 'Final Cut Pro', 114, '1'),
(454, 'Word', 114, '0'),
(455, 'Excel', 114, '0'),
(456, 'PowerPoint', 114, '0'),
(457, '1000', 115, '0'),
(458, '1024', 115, '0'),
(459, '256', 115, '0'),
(460, '8', 115, '1'),
(461, '1024', 116, '1'),
(462, '1000', 116, '0'),
(463, '256', 116, '0'),
(464, '8', 116, '0'),
(465, 'thực hiện được cả khi tạo hiệu ứng động và hiệu ứng chuyển trang', 117, '1'),
(466, 'không thực hiện được cả khi tạo hiệu ứng động và hiệu ứng chuyển trang', 117, '0'),
(467, 'thực hiện được chỉ khi tạo hiệu ứng chuyển trang giữa các slide', 117, '0'),
(468, 'thực hiện được chỉ khi tạo hiệu ứng động cho đối tượng trong slide', 117, '0'),
(469, '1968', 118, '0'),
(470, '1969', 118, '1'),
(471, '1970', 118, '0'),
(472, '1971', 118, '0'),
(473, 'nhấn nút số 1 để nhanh chóng trở về màn hình nền Desktop', 119, '0'),
(474, 'nhấn nút số 2 để mở chương trình duyệt Web', 119, '0'),
(475, 'nhấn nút số 3 để mở My Documents', 119, '1'),
(476, 'nhấn nút số 4 để mở chương trình MS Word ', 119, '0'),
(477, '256', 120, '1'),
(478, '128', 120, '0'),
(479, '512', 120, '0'),
(480, '64', 120, '0'),
(481, '1000', 121, '0'),
(482, '2000', 121, '0'),
(483, '65000', 121, '0'),
(484, '65536', 121, '1'),
(485, 'Alt', 122, '0'),
(486, 'Ctrl', 122, '1'),
(487, 'Shift', 122, '0'),
(488, 'Tab', 122, '0'),
(489, 'Shift', 123, '1'),
(490, 'Alt', 123, '0'),
(491, 'Ctrl', 123, '0'),
(492, 'Tab', 123, '0'),
(493, 'Back', 124, '0'),
(494, 'Home', 124, '0'),
(495, 'Next', 124, '0'),
(496, 'Refresh', 124, '1'),
(497, 'Home', 125, '0'),
(498, 'Search', 125, '1'),
(499, 'Next', 125, '0'),
(500, 'Refresh', 125, '0'),
(501, 'chỉ được phép chèn âm thanh vào giáo án', 126, '1'),
(502, 'chỉ được phép chèn hình ảnh vào giáo án', 126, '0'),
(503, 'chỉ được phép chèn phím vào giáo án', 126, '0'),
(504, 'có thể chèn âm thanh hoặc phím vào giáo án', 126, '0'),
(505, 'Value!', 127, '0'),
(506, 'False', 127, '1'),
(507, 'Name', 127, '0'),
(508, 'True', 127, '0'),
(509, '4', 128, '0'),
(510, '25', 128, '0'),
(511, '6.25', 128, '1'),
(512, '8', 128, '0'),
(513, 'Kết quả là chữ \"H\"', 129, '1'),
(514, 'Kết quả là chữ \"Ha\"', 129, '0'),
(515, 'Kết quả là chữ \"i\"', 129, '0'),
(516, 'Sai cú pháp', 129, '0'),
(517, 'Value!', 130, '0'),
(518, 'Name', 130, '0'),
(519, 'True', 130, '1'),
(520, 'False', 130, '0'),
(521, 'Name', 131, '1'),
(522, '5', 131, '0'),
(523, '17', 131, '0'),
(524, 'Value!', 131, '0'),
(525, 'Ngày tháng hiện tại trong hệ thống máy tính', 132, '1'),
(526, 'Năm hiện tại', 132, '0'),
(527, 'Ngày tháng hiện tại', 132, '0'),
(528, 'Tháng hiện tại', 132, '0'),
(529, 'Edit', 133, '0'),
(530, 'Save', 133, '0'),
(531, 'New', 133, '0'),
(532, 'Open', 133, '1'),
(533, '6', 134, '0'),
(534, '5', 134, '1'),
(535, '3', 134, '0'),
(536, '4', 134, '0'),
(537, 'Tất cả đều đúng', 135, '1'),
(538, 'Thực hiện các phép tính số mục, logarit, lượng giác', 135, '0'),
(539, 'Thực hiện các phép toán số học', 135, '0'),
(540, 'Thực hiện các phép toán so sánh, chuyển đổi các số thập phân, nhị phân', 135, '0'),
(541, 'chọn File -> Exit', 136, '0'),
(542, 'không thể ẩn được', 136, '0'),
(543, 'nhấn Ctrl + F1', 136, '1'),
(544, 'nhấn F1', 136, '0'),
(545, 'Đó là thư của người nhận thông báo việc không mở được thư', 137, '0'),
(546, 'Đó là thư của nhà cung cấp dịch vụ', 137, '0'),
(547, 'Thư bạn gửi đã được gửi đi, nhưng không tới được người nhận', 137, '1'),
(548, 'Thư bạn gửi đã được gửi đi, nhưng người nhận không đọc', 137, '0'),
(549, 'thêm vào bảng 3 ô', 138, '0'),
(550, 'thêm vào bảng 3 dòng', 138, '1'),
(551, 'thêm vào bảng 3 cột', 138, '0'),
(552, 'thêm vào bảng 1 dòng', 138, '0'),
(553, 'Insert -> Picture', 139, '1'),
(554, 'Insert -> Clip Art', 139, '0'),
(555, 'Insert -> Photo Album', 139, '0'),
(556, 'Picture', 139, '0'),
(557, 'Gõ tên ứng dụng vào thanh tìm kiếm', 140, '0'),
(558, 'Sử dụng tổ hợp phím Windows + R để mở hộp Run và nhập tên ứng dụng', 140, '0'),
(559, 'Duyệt qua các ứng dụng trong All Programs', 140, '0'),
(560, 'Tất cả đều đúng', 140, '1'),
(561, 'Insert -> Clip Art', 141, '0'),
(562, 'Insert -> WordArt', 141, '0'),
(563, 'Insert -> Chart', 141, '1'),
(564, 'Insert -> Picture', 141, '0'),
(565, 'Current Page', 142, '0'),
(566, 'Pages', 142, '0'),
(567, 'Selection', 142, '0'),
(568, 'All', 142, '1'),
(569, 'Thanh công cụ chuẩn', 143, '1'),
(570, 'Thanh công cụ định dạng', 143, '0'),
(571, 'Thanh công cụ in', 143, '0'),
(572, 'Thanh trạng thái', 143, '0'),
(573, 'Freeze Panes', 144, '0'),
(574, 'Page Layout', 144, '1'),
(575, 'View Options', 144, '0'),
(576, 'Format Cells', 144, '0'),
(577, 'Ctrl + C', 145, '1'),
(578, 'Ctrl + V', 145, '0'),
(579, 'Ctrl + X', 145, '0'),
(580, 'Ctrl + D', 145, '0'),
(581, 'Kéo viền của cột', 146, '0'),
(582, 'Nhấn chuột phải vào tiêu đề cột và chọn \"Resize\"', 146, '0'),
(583, 'Chọn cột và sau đó chọn “Format” trong tab Home', 146, '0'),
(584, 'Cả A và C đều đúng', 146, '1'),
(585, 'Ctrl + N', 147, '0'),
(586, 'Ctrl + T', 147, '0'),
(587, 'Ctrl + Shift + \"+\"', 147, '1'),
(588, 'Ctrl + Shift + \"D\"', 147, '0'),
(589, 'Ctrl + F', 148, '0'),
(590, 'Ctrl + H', 148, '1'),
(591, 'Ctrl + R', 148, '0'),
(592, 'Ctrl + G', 148, '0'),
(593, 'Insert', 149, '1'),
(594, 'Home', 149, '0'),
(595, 'Data', 149, '0'),
(596, 'View', 149, '0'),
(597, 'Ctrl + N', 150, '1'),
(598, 'Ctrl + M', 150, '0'),
(599, 'Ctrl + P', 150, '0'),
(600, 'Ctrl + O', 150, '0'),
(601, 'Protect Sheet', 151, '1'),
(602, 'Freeze Panes', 151, '0'),
(603, 'Data Validation', 151, '0'),
(604, 'Password Manager', 151, '0'),
(605, 'Chọn Insert > New Sheet', 152, '0'),
(606, 'Nhấn chuột phải vào tab sheet và chọn Insert', 152, '0'),
(607, 'Sử dụng tổ hợp phím Ctrl + N', 152, '0'),
(608, 'Cả A và B đều đúng', 152, '1'),
(609, 'Home', 153, '1'),
(610, 'Insert', 153, '0'),
(611, 'View', 153, '0'),
(612, 'Data', 153, '0'),
(613, '=IF(logical_test, value_if_true, value_if_false)', 154, '1'),
(614, '=IF(value_if_true, logical_test, value_if_false)', 154, '0'),
(615, '=IF(value_if_false, value_if_true, logical_test)', 154, '0'),
(616, '=IF(logical_test, value_if_false, value_if_true)', 154, '0'),
(617, 'Filter', 155, '1'),
(618, 'Sort', 155, '0'),
(619, 'Pivot Table', 155, '0'),
(620, 'Group', 155, '0'),
(621, 'Ctrl + Tab', 156, '0'),
(622, 'Ctrl + Page Up/Page Down', 156, '1'),
(623, 'Alt + Tab', 156, '0'),
(624, 'Ctrl + F', 156, '0'),
(625, 'Nhấn Delete', 157, '0'),
(626, 'Chọn Clear Contents từ menu chuột phải', 157, '1'),
(627, 'Nhấn Backspace', 157, '0'),
(628, 'Cả B và C đều đúng', 157, '0'),
(629, '=SUM()', 158, '1'),
(630, '=AVERAGE()', 158, '0'),
(631, '=COUNT()', 158, '0'),
(632, '=PRODUCT() ', 158, '0'),
(633, 'Format Cells', 159, '1'),
(634, 'Data Validation', 159, '0'),
(635, 'Text to Columns', 159, '0'),
(636, 'Conditional Formatting ', 159, '0'),
(637, 'Nhấn chuột phải vào tiêu đề cột và chọn \"Hide\"', 160, '0'),
(638, 'Sử dụng tổ hợp phím Ctrl + 9', 160, '0'),
(639, 'Vào tab View và chọn \"Hide\"', 160, '0'),
(640, 'Cả A và B đều đúng', 160, '1'),
(641, 'Nhấn nút \"Back\" trên thanh công cụ', 161, '0'),
(642, 'Nhấn tổ hợp phím Ctrl + F', 161, '1'),
(643, 'Nhấn nút \"Forward\" trên thanh công cụ', 161, '0'),
(644, 'Nhấn nút \"Home\" trên thanh công cụ', 161, '0'),
(645, 'Delete', 162, '0'),
(646, 'Clear', 162, '1'),
(647, 'Backspace', 162, '0'),
(648, 'Clear All', 162, '0'),
(649, 'Chọn một ô bất kỳ trong cột và nhấn Ctrl + A', 163, '0'),
(650, 'Chọn toàn bộ cột rồi thay đổi cỡ chữ', 163, '1'),
(651, 'Chọn toàn bộ bảng và thay đổi cỡ chữ', 163, '0'),
(652, 'Nhấn vào mỗi ô và thay đổi cỡ chữ riêng biệt', 163, '0'),
(653, 'Chọn cột và nhấn phải chuột chọn \"Rename\"', 164, '0'),
(654, 'Chọn cột và gõ tiêu đề mới', 164, '1'),
(655, 'Chọn ô đầu tiên trong cột rồi nhập tiêu đề mới', 164, '0'),
(656, 'Sử dụng chức năng \"Data Validation\"', 164, '0'),
(657, 'Tab Insert', 165, '0'),
(658, 'Tab Animations', 165, '1'),
(659, 'Tab Home', 165, '0'),
(660, 'Tab Transitions', 165, '0'),
(661, 'Insert -> Video', 166, '1'),
(662, 'Insert -> Picture', 166, '0'),
(663, 'Insert -> Audio', 166, '0'),
(664, 'Insert -> ClipArt', 166, '0'),
(665, 'Chọn cột, nhấn Delete', 167, '0'),
(666, 'Chọn cột, nhấn Backspace', 167, '0'),
(667, 'Chọn cột, nhấn Ctrl + X', 167, '0'),
(668, 'Chọn cột, nhấn phải chuột và chọn \"Delete\"', 167, '1'),
(669, 'Format Cells -> Number', 168, '0'),
(670, 'Format Cells -> Date', 168, '1'),
(671, 'Insert -> Date', 168, '0'),
(672, 'Home -> Date Format', 168, '0'),
(673, 'Insert -> Table', 169, '1'),
(674, 'Insert -> Chart', 169, '0'),
(675, 'Insert -> SmartArt', 169, '0'),
(676, 'Insert -> Shape', 169, '0'),
(677, 'SUM()', 170, '1'),
(678, 'AVERAGE()', 170, '0'),
(679, 'MAX()', 170, '0'),
(680, 'COUNT()', 170, '0'),
(681, 'Insert -> Table', 171, '0'),
(682, 'Insert -> Chart', 171, '1'),
(683, 'Insert -> SmartArt', 171, '0'),
(684, 'Insert -> Shapes', 171, '0'),
(685, 'Tab Home -> Fill Color', 172, '1'),
(686, 'Tab Insert -> Color', 172, '0'),
(687, 'Tab Format -> Background Color', 172, '0'),
(688, 'Tab Home -> Font Color', 172, '0'),
(689, 'Insert -> Image', 173, '0'),
(690, 'Insert -> ClipArt', 173, '0'),
(691, 'Insert -> Picture', 173, '1'),
(692, 'Insert -> Object', 173, '0'),
(693, 'Kéo các góc của đối tượng', 174, '1'),
(694, 'Nhấn vào đối tượng và chọn “Resize”', 174, '0'),
(695, 'Dùng phím tắt Ctrl + R', 174, '0'),
(696, 'Kéo vào giữa đối tượng', 174, '0'),
(697, 'Chọn toàn bộ văn bản và chọn font trong tab Home', 175, '1'),
(698, 'Nhấn vào mục Slide Layout và chọn font', 175, '0'),
(699, 'Dùng chức năng SmartArt', 175, '0'),
(700, 'Nhấn vào Text Box và thay đổi font', 175, '0'),
(701, 'Tab Insert -> Table', 176, '1'),
(702, 'Tab Home -> Insert', 176, '0'),
(703, 'Tab Data -> Table', 176, '0'),
(704, 'Tab View -> Table', 176, '0'),
(705, 'Ctrl + C để sao chép, Ctrl + V để dán', 177, '1'),
(706, 'Ctrl + X để sao chép, Ctrl + V để dán', 177, '0'),
(707, 'Nhấn chuột phải và chọn \"Copy\" và \"Paste\"', 177, '0'),
(708, 'Ctrl + C để sao chép, nhấn vào ô mới và nhấn Enter', 177, '0'),
(709, 'Dùng chức năng Pivot Table', 178, '0'),
(710, 'Sử dụng tính năng Filter', 178, '1'),
(711, 'Dùng các công cụ Format', 178, '0'),
(712, 'Tạo một biểu đồ động', 178, '0'),
(713, 'Tab Insert -> Shapes', 179, '1'),
(714, 'Tab Home -> Shapes', 179, '0'),
(715, 'Tab Design -> Shapes', 179, '0'),
(716, 'Tab View -> Shapes', 179, '0'),
(717, 'Tab Insert -> Pivot Table', 180, '1'),
(718, 'Tab Data -> Pivot Table', 180, '0'),
(719, 'Tab Formulas -> Pivot Table', 180, '0'),
(720, 'Tab View -> Pivot Table', 180, '0'),
(721, 'SUM()', 181, '1'),
(722, 'AVERAGE()', 181, '0'),
(723, 'COUNT()', 181, '0'),
(724, 'MAX()', 181, '0'),
(725, 'Tab Design -> Slide Design', 182, '0'),
(726, 'Tab Transitions -> Select Transition', 182, '1'),
(727, 'Tab View -> Transition', 182, '0'),
(728, 'Tab Insert -> Transitions', 182, '0'),
(729, 'Tab Home -> Sort & Filter', 183, '0'),
(730, 'Tab Data -> Sort', 183, '1'),
(731, 'Tab View -> Sort', 183, '0'),
(732, 'Tab Formulas -> Sort', 183, '0'),
(733, 'Tab Home -> Number Format', 184, '1'),
(734, 'Tab Data -> Format as Percentage', 184, '0'),
(735, 'Tab View -> Percentage Format', 184, '0'),
(736, 'Tab Insert -> Percentage Style', 184, '0'),
(737, 'Tab Insert -> Text Box', 185, '1'),
(738, 'Tab Home -> Title', 185, '0'),
(739, 'Tab Design -> Title Style', 185, '0'),
(740, 'Tab Insert -> Title', 185, '0'),
(741, 'Chọn văn bản và thay đổi màu trong tab Home', 186, '1'),
(742, 'Chọn ô và thay đổi màu trong tab Data', 186, '0'),
(743, 'Chọn cột và thay đổi màu trong tab View', 186, '0'),
(744, 'Chọn ô và thay đổi màu trong tab Format', 186, '0'),
(745, 'Tab Insert -> Column Chart', 187, '1'),
(746, 'Tab Home -> Chart', 187, '0'),
(747, 'Tab Data -> Bar Chart', 187, '0'),
(748, 'Tab View -> Column Chart', 187, '0'),
(749, 'MAX()', 188, '1'),
(750, 'MIN()', 188, '0'),
(751, 'COUNT()', 188, '0'),
(752, 'AVERAGE()', 188, '0'),
(753, 'Tab Insert -> Video', 189, '1'),
(754, 'Tab Home -> Video Clip', 189, '0'),
(755, 'Tab Design -> Insert Video', 189, '0'),
(756, 'Tab Insert -> Media', 189, '0'),
(757, 'SUMIF()', 190, '1'),
(758, 'COUNTIF()', 190, '0'),
(759, 'AVERAGEIF()', 190, '0'),
(760, 'MAXIF()', 190, '0'),
(761, 'Tab Home -> Font Size', 191, '1'),
(762, 'Tab Design -> Font Settings', 191, '0'),
(763, 'Tab Insert -> Text Font', 191, '0'),
(764, 'Tab View -> Font', 191, '0'),
(765, 'Tab Data -> Filter', 192, '1'),
(766, 'Tab Home -> Sort', 192, '0'),
(767, 'Tab View -> Filter', 192, '0'),
(768, 'Tab Insert -> Filter', 192, '0'),
(769, 'Tab Design -> Background Styles', 193, '1'),
(770, 'Tab Home -> Background', 193, '0'),
(771, 'Tab Insert -> Background Color', 193, '0'),
(772, 'Tab View -> Background Settings', 193, '0'),
(773, 'Click phải vào một ô trong hàng, chọn Insert', 194, '1'),
(774, 'Tab Home -> Insert Row', 194, '0'),
(775, 'Tab Insert -> Add Row', 194, '0'),
(776, 'Tab Data -> Insert Row', 194, '0'),
(777, 'Tab Insert -> Table', 195, '1'),
(778, 'Tab Design -> Table Style', 195, '0'),
(779, 'Tab View -> Table', 195, '0'),
(780, 'Tab Home -> Insert Table', 195, '0'),
(781, 'AVERAGE()', 196, '1'),
(782, 'SUM()', 196, '0'),
(783, 'COUNT()', 196, '0'),
(784, 'MAX()', 196, '0'),
(785, 'Tab Insert -> Picture', 197, '1'),
(786, 'Tab Home -> Insert Image', 197, '0'),
(787, 'Tab Design -> Picture', 197, '0'),
(788, 'Tab View -> Image', 197, '0'),
(789, 'Tab Review -> Spelling', 198, '1'),
(790, 'Tab Home -> Spell Check', 198, '0'),
(791, 'Tab Design -> Check Spelling', 198, '0'),
(792, 'Tab Insert -> Spelling', 198, '0'),
(793, 'Tab Home -> Number Format', 199, '1'),
(794, 'Tab Data -> Format Date', 199, '0'),
(795, 'Tab Insert -> Date Format', 199, '0'),
(796, 'Tab View -> Date Settings', 199, '0'),
(797, 'Tab Insert -> Hyperlink', 200, '1'),
(798, 'Tab Home -> Add Link', 200, '0'),
(799, 'Tab Design -> Insert Link', 200, '0'),
(800, 'Tab View -> Link to Website', 200, '0'),
(801, 'Tab Insert -> Chart', 201, '1'),
(802, 'Tab Design -> Insert Chart', 201, '0'),
(803, 'Tab Home -> Add Chart', 201, '0'),
(804, 'Tab View -> Chart Settings', 201, '0'),
(805, 'Tab Transitions -> Apply Transition', 202, '1'),
(806, 'Tab Insert -> Transition Effect', 202, '0'),
(807, 'Tab Design -> Slide Transitions', 202, '0'),
(808, 'Tab View -> Slide Effects', 202, '0'),
(809, 'Tab File -> New', 203, '1'),
(810, 'Tab Insert -> New Sheet', 203, '0'),
(811, 'Tab Data -> New Table', 203, '0'),
(812, 'Tab View -> Create New Sheet', 203, '0'),
(813, 'Tab Insert -> Video', 204, '1'),
(814, 'Tab Home -> Add Video', 204, '0'),
(815, 'Tab View -> Video Settings', 204, '0'),
(816, 'Tab Design -> Video Insert', 204, '0'),
(817, 'Tab File -> Share', 205, '1'),
(818, 'Tab Home -> Share Workbook', 205, '0'),
(819, 'Tab Data -> Share Sheet', 205, '0'),
(820, 'Tab Review -> Share Options', 205, '0'),
(821, 'Chọn hàng, click phải và chọn Delete', 206, '1'),
(822, 'Tab Home -> Delete Row', 206, '0'),
(823, 'Tab Insert -> Remove Row', 206, '0'),
(824, 'Tab Data -> Delete Row', 206, '0'),
(825, 'Tab View -> Slide Master', 207, '1'),
(826, 'Tab Design -> Slide Layout', 207, '0'),
(827, 'Tab Home -> Font Style', 207, '0'),
(828, 'Tab Insert -> Text Styles', 207, '0'),
(829, 'Tab Home -> Conditional Formatting', 208, '1'),
(830, 'Tab Insert -> Format Conditional', 208, '0'),
(831, 'Tab Data -> Conditional Format', 208, '0'),
(832, 'Tab View -> Format Options', 208, '0'),
(833, 'Tab Insert -> Table', 209, '1'),
(834, 'Tab Home -> Create Table', 209, '0'),
(835, 'Tab Data -> Insert Table', 209, '0'),
(836, 'Tab View -> Add Table', 209, '0'),
(837, 'Chọn slide và nhấn Ctrl+C, sau đó Ctrl+V', 210, '1'),
(838, 'Chọn slide và nhấn Copy trên tab Home', 210, '0'),
(839, 'Chọn slide và nhấn Insert -> Duplicate', 210, '0'),
(840, 'Chọn slide và nhấn Right-click -> Copy', 210, '0'),
(841, 'Nhấp chuột phải vào tab của bảng tính và chọn Rename', 211, '1'),
(842, 'Tab Home -> Rename', 211, '0'),
(843, 'Tab View -> Rename Sheet', 211, '0'),
(844, 'Tab Data -> Rename', 211, '0'),
(845, 'Tab Insert -> Chart', 212, '1'),
(846, 'Tab Home -> Insert Graph', 212, '0'),
(847, 'Tab View -> Create Graph', 212, '0'),
(848, 'Tab Data -> Add Chart', 212, '0'),
(849, 'Tab Design -> Chart Title', 213, '1'),
(850, 'Tab Insert -> Title', 213, '0'),
(851, 'Tab Layout -> Chart Title', 213, '0'),
(852, 'Tab Data -> Add Title', 213, '0'),
(853, 'Tab Design -> Background Styles', 214, '1'),
(854, 'Tab Home -> Change Background', 214, '0'),
(855, 'Tab View -> Slide Background', 214, '0'),
(856, 'Tab Insert -> Background', 214, '0'),
(857, 'Tab Insert -> Hyperlink', 215, '1'),
(858, 'Tab Home -> Add Link', 215, '0'),
(859, 'Tab Design -> Insert URL', 215, '0'),
(860, 'Tab View -> Link Settings', 215, '0'),
(861, 'Tab Insert -> Insert Cells', 216, '1'),
(862, 'Tab Home -> Add Cell', 216, '0'),
(863, 'Tab Data -> Add New Cell', 216, '0'),
(864, 'Tab View -> Insert Cell', 216, '0'),
(865, 'Tab Review -> Spelling', 217, '1'),
(866, 'Tab Home -> Check Spelling', 217, '0'),
(867, 'Tab View -> Grammar Check', 217, '0'),
(868, 'Tab Design -> Spelling Check', 217, '0'),
(869, 'Tab Home -> Group', 218, '1'),
(870, 'Tab Insert -> Group Objects', 218, '0'),
(871, 'Tab View -> Grouping', 218, '0'),
(872, 'Tab Design -> Group', 218, '0'),
(873, 'Tab Home -> Fill Color', 219, '1'),
(874, 'Tab Insert -> Cell Colors', 219, '0'),
(875, 'Tab Data -> Change Background', 219, '0'),
(876, 'Tab View -> Set Colors', 219, '0'),
(877, 'Tab Insert -> Icons', 220, '1'),
(878, 'Tab Home -> Insert Icon', 220, '0'),
(879, 'Tab View -> Add Icon', 220, '0'),
(880, 'Tab Design -> Icon Options', 220, '0'),
(881, 'Di chuyển chuột vào viền cột và kéo', 221, '1'),
(882, 'Tab Home -> Set Column Width', 221, '0'),
(883, 'Tab View -> Adjust Column', 221, '0'),
(884, 'Tab Data -> Change Width', 221, '0'),
(885, 'Chọn ô và nhấn Insert Row', 222, '1'),
(886, 'Tab Data -> Add Row', 222, '0'),
(887, 'Tab Home -> Insert New Line', 222, '0'),
(888, 'Tab Insert -> Row', 222, '0'),
(889, 'Tab Home -> Font Size', 223, '1'),
(890, 'Tab Insert -> Font Settings', 223, '0'),
(891, 'Tab View -> Change Font', 223, '0'),
(892, 'Tab Design -> Font Style', 223, '0'),
(893, 'Tab Insert -> Pictures', 224, '1'),
(894, 'Tab Design -> Add Image', 224, '0'),
(895, 'Tab Home -> Insert Image', 224, '0'),
(896, 'Tab View -> Picture Insert', 224, '0'),
(897, 'Tab Home -> Increase Decimal', 225, '1'),
(898, 'Tab Data -> Decimal Format', 225, '0'),
(899, 'Tab View -> Format Decimal', 225, '0'),
(900, 'Tab Insert -> Add Decimal', 225, '0'),
(901, 'Tab Insert -> Text Box', 226, '1'),
(902, 'Tab Home -> Add Text', 226, '0'),
(903, 'Tab View -> Comment', 226, '0'),
(904, 'Tab Design -> Insert Caption', 226, '0'),
(905, 'Tab Home -> Currency Format', 227, '1'),
(906, 'Tab Data -> Currency Settings', 227, '0'),
(907, 'Tab View -> Format Currency', 227, '0'),
(908, 'Tab Insert -> Currency Style', 227, '0'),
(909, 'Tab Home -> Bullets', 228, '1'),
(910, 'Tab Insert -> List', 228, '0'),
(911, 'Tab Design -> Bullets Options', 228, '0'),
(912, 'Tab View -> Create Bullets', 228, '0'),
(913, 'Kéo slide trong bảng thu nhỏ', 229, '1'),
(914, 'Tab Design -> Rearrange Slides', 229, '0'),
(915, 'Tab Home -> Move Slide', 229, '0'),
(916, 'Tab View -> Slide Position', 229, '0'),
(917, '=SUM()', 230, '1'),
(918, '=ADD()', 230, '0'),
(919, '=TOTAL()', 230, '0'),
(920, '=CALC()', 230, '0'),
(921, 'Chọn biểu đồ và nhấn Delete', 231, '1'),
(922, 'Tab Home -> Delete Chart', 231, '0'),
(923, 'Tab Insert -> Remove Chart', 231, '0'),
(924, 'Tab Data -> Delete Graph', 231, '0'),
(925, 'Tab Home -> Font', 232, '1'),
(926, 'Tab Design -> Text Settings', 232, '0'),
(927, 'Tab Insert -> Text Style', 232, '0'),
(928, 'Tab View -> Font Settings', 232, '0'),
(929, 'Tab Data -> Sort A to Z', 233, '1'),
(930, 'Tab Home -> Sort Data', 233, '0'),
(931, 'Tab Insert -> Arrange Data', 233, '0'),
(932, 'Tab View -> Sort Options', 233, '0'),
(933, 'Tab Home -> New Slide', 234, '1'),
(934, 'Tab Insert -> New Presentation', 234, '0'),
(935, 'Tab View -> Add Slide', 234, '0'),
(936, 'Tab Design -> Create Slide', 234, '0'),
(937, 'Tab Home -> Number Format', 235, '1'),
(938, 'Tab View -> Set Format', 235, '0'),
(939, 'Tab Insert -> Format Number', 235, '0'),
(940, 'Tab Data -> Number Style', 235, '0'),
(941, 'Tab Insert -> Table', 236, '1'),
(942, 'Tab Home -> Insert Table', 236, '0'),
(943, 'Tab Design -> Table Layout', 236, '0'),
(944, 'Tab View -> Add Table', 236, '0'),
(945, 'Tab Insert -> Line Chart', 237, '1'),
(946, 'Tab Home -> Chart Options', 237, '0'),
(947, 'Tab Data -> Create Line Graph', 237, '0'),
(948, 'Tab View -> Line Chart', 237, '0'),
(949, 'Tab Transitions -> Transition Options', 238, '1'),
(950, 'Tab Home -> Transition Edit', 238, '0'),
(951, 'Tab Design -> Slide Effect', 238, '0'),
(952, 'Tab View -> Edit Transition', 238, '0'),
(953, 'Di chuyển chuột vào viền hàng và kéo', 239, '1'),
(954, 'Tab Home -> Set Row Height', 239, '0'),
(955, 'Tab View -> Adjust Row', 239, '0'),
(956, 'Tab Data -> Change Row Height', 239, '0'),
(957, 'Tab File -> Save As', 240, '1'),
(958, 'Tab Home -> Save As', 240, '0'),
(959, 'Tab Data -> Save File', 240, '0'),
(960, 'Tab View -> Save to Different Format', 240, '0'),
(961, 'Tab Insert -> Pie Chart', 241, '1'),
(962, 'Tab Data -> Insert Pie Graph', 241, '0'),
(963, 'Tab Home -> Chart Style', 241, '0'),
(964, 'Tab View -> Pie Chart Options', 241, '0'),
(965, 'Tab Home -> Date Format', 242, '1'),
(966, 'Tab Insert -> Date Settings', 242, '0'),
(967, 'Tab Data -> Date Style', 242, '0'),
(968, 'Tab View -> Set Date Format', 242, '0'),
(969, 'Tab Home -> Numbering', 243, '1'),
(970, 'Tab Insert -> Number List', 243, '0'),
(971, 'Tab Design -> Number Options', 243, '0'),
(972, 'Tab View -> Numbering List', 243, '0'),
(973, 'Tab File -> New -> Template', 244, '1'),
(974, 'Tab Home -> Template Options', 244, '0'),
(975, 'Tab Data -> Create from Template', 244, '0'),
(976, 'Tab View -> Open Template', 244, '0'),
(977, 'Tab Home -> Bold', 245, '1'),
(978, 'Tab Insert -> Font Style', 245, '0'),
(979, 'Tab Design -> Text Settings', 245, '0'),
(980, 'Tab View -> Font Weight', 245, '0'),
(981, 'Tab Insert -> Chart', 246, '1'),
(982, 'Tab Home -> Add Graph', 246, '0'),
(983, 'Tab Design -> Insert Bar Chart', 246, '0'),
(984, 'Tab View -> Graph Options', 246, '0'),
(985, 'Tab File -> Compress Pictures', 247, '1'),
(986, 'Tab Home -> Picture Settings', 247, '0'),
(987, 'Tab View -> Resolution Settings', 247, '0'),
(988, 'Tab Design -> Image Options', 247, '0'),
(989, 'Tab View -> Slide Sorter', 248, '1'),
(990, 'Tab Home -> Organize Slides', 248, '0'),
(991, 'Tab Insert -> Arrange Slides', 248, '0'),
(992, 'Tab Design -> Sort Slides', 248, '0'),
(993, 'Đúng', 249, '1'),
(994, 'Sai', 249, '0'),
(995, 'Tab File -> New', 250, '1'),
(996, 'Tab Insert -> New Sheet', 250, '0'),
(997, 'Tab Home -> New Spreadsheet', 250, '0'),
(998, 'Tab View -> Add Sheet', 250, '0'),
(999, 'Ram', 251, '0'),
(1000, 'Rom', 251, '0'),
(1001, 'Router', 251, '1'),
(1002, 'CPU', 251, '0'),
(1003, 'Bộ nhớ trong, Bộ nhớ ngoài', 252, '1'),
(1004, 'Cache, Bộ nhớ ngoài', 252, '0'),
(1005, 'Bộ nhớ ngoài, ROM', 252, '0'),
(1006, 'Đĩa quang, Bộ nhớ trong', 252, '0'),
(1007, 'Chia sẻ tài nguyên', 253, '1'),
(1008, 'Nhãn hiệu của một thiết bị kết nối mạng', 253, '0'),
(1009, 'Thực hiện lệnh in trong mạng cục bộ', 253, '0'),
(1010, 'Một phần mềm hỗ trợ sử dụng mạng cục bộ', 253, '0'),
(1011, 'Primary memory', 254, '1'),
(1012, 'Receive memory', 254, '0'),
(1013, 'Secondary memory', 254, '0'),
(1014, 'Random access memory', 254, '0'),
(1015, 'Bàn phím (Keyboard), Chuột (Mouse), Máy in (Printer)', 255, '0'),
(1016, 'Máy quét ảnh (Scanner)', 255, '0'),
(1017, 'Bàn phím (Keyboard), Chuột (Mouse) và Máy quét ảnh (Scanner)', 255, '1'),
(1018, 'Máy quét ảnh (Scanner), Chuột (Mouse)', 255, '0'),
(1019, 'Cung cấp và xử lý các phần cứng và phần mềm', 256, '0'),
(1020, 'Nghiên cứu phương pháp, kỹ thuật xử lý thông tin bằng máy tính điện tử', 256, '0'),
(1021, 'Nghiên cứu về công nghệ phần cứng và phần mềm', 256, '0'),
(1022, 'Là một phần mềm chạy trên máy tính, dùng để điều hành, quản lý các thiết bị phần cứng và các tài nguyên phần mềm trên máy tính', 256, '1'),
(1023, 'Menu pad', 257, '0'),
(1024, 'Menu options', 257, '0'),
(1025, 'Menu bar', 257, '1'),
(1026, 'Tất cả đều sai', 257, '0'),
(1027, 'In màn hình hiện hành ra máy in', 258, '0'),
(1028, 'Không có công dụng gì khi sử dụng 1 mình nó', 258, '0'),
(1029, 'In văn bản hiện hành ra máy in', 258, '0'),
(1030, 'Chụp màn hình hiện hành', 258, '1'),
(1031, 'Maximum', 259, '0'),
(1032, 'Minimum', 259, '0'),
(1033, 'Restore down', 259, '1'),
(1034, 'Close', 259, '0'),
(1035, 'Tạo một văn bản mới', 260, '0'),
(1036, 'Chức năng thay thế nội dung trong soạn thảo', 260, '0'),
(1037, 'Định dạng chữ hoa', 260, '0'),
(1038, 'Lưu nội dung tập tin văn bản vào đĩa', 260, '1'),
(1039, 'View – Symbol', 261, '0'),
(1040, 'Format – Symbol', 261, '0'),
(1041, 'Tools – Symbol', 261, '0'),
(1042, 'Insert – Symbol', 261, '1'),
(1043, 'Bấm tổ hợp phím Ctrl – Enter', 262, '0'),
(1044, 'Bấm phím Enter', 262, '1'),
(1045, 'Bấm tổ hợp phím Shift – Enter', 262, '0'),
(1046, 'Word tự động, không cần bấm phím', 262, '0'),
(1047, 'Shift + End', 263, '0'),
(1048, 'Alt + End', 263, '0'),
(1049, 'Ctrl + End', 263, '1'),
(1050, 'Alt + A', 264, '0'),
(1051, 'Ctrl + A', 264, '1'),
(1052, 'Ctrl + Shift + A', 264, '0'),
(1053, 'Câu 1 và 2', 264, '0'),
(1054, 'Click 1 lần trên đoạn', 265, '0'),
(1055, 'Click 2 lần trên đoạn', 265, '0'),
(1056, 'Click 3 lần trên đoạn', 265, '1'),
(1057, 'Click 4 lần trên đoạn', 265, '0'),
(1058, 'Nháy đúp chuột vào từ cần chọn', 266, '1'),
(1059, 'Bấm tổ hợp phím Ctrl – C', 266, '0'),
(1060, 'Nháy chuột vào từ cần chọn', 266, '0'),
(1061, 'Bấm phím Enter', 266, '0'),
(1062, 'Table – Merge Cells', 267, '0'),
(1063, 'Table – Split Cells', 267, '1'),
(1064, 'Tools – Split Cells', 267, '0'),
(1065, 'Table – Cells', 267, '0'),
(1066, 'Notepad', 268, '0'),
(1067, 'Microsoft Word', 268, '0'),
(1068, 'WordPad', 268, '0'),
(1069, 'Tất cả đều đúng', 268, '1'),
(1070, '15', 269, '0'),
(1071, '16', 269, '0'),
(1072, '17', 269, '1'),
(1073, '18', 269, '0'),
(1074, '9', 270, '0'),
(1075, '10', 270, '0'),
(1076, '11', 270, '0'),
(1077, 'Lỗi ', 270, '1'),
(1078, '6', 271, '0'),
(1079, '11', 271, '1'),
(1080, '5', 271, '0'),
(1081, '0', 271, '0'),
(1082, 'Giỏi', 272, '0'),
(1083, 'Khá', 272, '1'),
(1084, 'Trung Bình', 272, '0'),
(1085, 'Xuất sắc ', 272, '0'),
(1086, 'Vlookup', 273, '1'),
(1087, 'IF', 273, '0'),
(1088, 'Left', 273, '0'),
(1089, 'Sum ', 273, '0'),
(1090, 'File / Save As', 274, '1'),
(1091, 'File / Save', 274, '0'),
(1092, 'File / New', 274, '0'),
(1093, 'Edit / Replace ', 274, '0'),
(1094, 'Số ngày trong tháng', 275, '0'),
(1095, 'Số tháng trong năm', 275, '0'),
(1096, 'Ngày hiện hành của hệ thống', 275, '1'),
(1097, 'Số giờ trong ngày ', 275, '0'),
(1098, 'B$1', 276, '0'),
(1099, '$B1:$D10', 276, '0'),
(1100, 'B$1$10$D', 276, '0'),
(1101, '$B$1:$D$10 ', 276, '1'),
(1102, '=IF(C2>=3, 200000, 0)', 277, '0'),
(1103, '=IF(C2<=3, 200000, “”)', 277, '1'),
(1104, '=IF(C2<=3, 0, 200000)', 277, '0'),
(1105, '=IF(C2<3, 200000, “”)', 277, '0'),
(1106, '0', 278, '0'),
(1107, '5', 278, '1'),
(1108, '#VALUE!', 278, '0'),
(1109, '#NAME!', 278, '0'),
(1110, 'Home -> Slides -> New Slide', 279, '1'),
(1111, 'Insert -> New Slide', 279, '0'),
(1112, 'Design -> New Slide', 279, '0'),
(1113, 'Design -> New Slide ', 279, '0'),
(1114, 'Ctrl + D', 280, '0'),
(1115, 'Delete', 280, '0'),
(1116, 'Shift + Delete', 280, '0'),
(1117, 'Right-click -> Delete ', 280, '1'),
(1118, 'Slide Show', 281, '0'),
(1119, 'View', 281, '0'),
(1120, 'Slide Sorter', 281, '1'),
(1121, 'Insert ', 281, '0'),
(1122, 'Font', 282, '0'),
(1123, 'Home', 282, '1'),
(1124, 'Format', 282, '0'),
(1125, 'Design', 282, '0'),
(1126, 'Fade In', 283, '0'),
(1127, 'Fly In', 283, '0'),
(1128, 'Bold', 283, '0'),
(1129, 'Tất cả các đáp án trên ', 283, '1'),
(1130, 'Animation', 284, '1'),
(1131, 'Transition', 284, '0'),
(1132, 'Effects', 284, '0'),
(1133, 'None ', 284, '0'),
(1134, 'Insert -> Title', 285, '1'),
(1135, 'Home -> Title', 285, '0'),
(1136, 'Design -> Title ', 285, '0'),
(1137, 'View -> Title ', 285, '0'),
(1138, 'Insert -> Picture', 286, '1'),
(1139, 'Insert -> Image', 286, '0'),
(1140, 'Home -> Picture', 286, '0'),
(1141, 'Home -> Image ', 286, '0'),
(1142, 'Design', 287, '1'),
(1143, 'Format', 287, '0'),
(1144, 'View', 287, '0'),
(1145, 'Transition ', 287, '0'),
(1146, 'Home', 288, '0'),
(1147, 'Transition', 288, '1'),
(1148, 'Animation', 288, '0'),
(1149, 'Insert ', 288, '0'),
(1150, 'Insert -> Table', 289, '1'),
(1151, 'Format -> Table', 289, '0'),
(1152, 'View -> Table', 289, '0'),
(1153, 'Design -> Table ', 289, '0'),
(1154, 'Bold', 290, '0'),
(1155, 'Italic', 290, '0'),
(1156, 'Underline', 290, '0'),
(1157, 'Tất cả đều đúng ', 290, '1'),
(1158, 'Insert -> Video', 291, '1'),
(1159, 'Insert -> Movie', 291, '0'),
(1160, 'Insert -> Media', 291, '0'),
(1161, 'Insert -> Video or Movie ', 291, '0'),
(1162, 'Insert -> Chart', 292, '1'),
(1163, 'Insert -> Diagram', 292, '0'),
(1164, 'Design -> Chart', 292, '0'),
(1165, 'View -> Chart ', 292, '0'),
(1166, 'Save As -> Video', 293, '0'),
(1167, 'Export -> Create Video', 293, '1'),
(1168, 'File -> Video', 293, '0'),
(1169, 'File -> Save As -> Video ', 293, '0'),
(1170, 'PNG, JPG, BMP, GIF', 294, '1'),
(1171, 'DOC, PDF, PNG', 294, '0'),
(1172, 'AVI, MOV, MP4', 294, '0'),
(1173, 'TXT, DOC, PDF', 294, '0'),
(1174, 'Absolute reference', 295, '0'),
(1175, 'Conditional formatting', 295, '0'),
(1176, 'Relative reference', 295, '1'),
(1177, 'Locked cells ', 295, '0'),
(1178, 'Chọn Setting -> Chọn mẫu muốn thay đổi -> Chọn nút Save', 296, '0'),
(1179, 'Chọn Setting -> Chọn Themes -> Chọn mẫu muốn thay đổi -> Chọn nút Save', 296, '1'),
(1180, 'Chọn Setting -> Chọn Themes -> Chọn mẫu muốn thay đổi', 296, '0'),
(1181, 'Chọn Setting -> Chọn tiếp Setting -> Chọn Themes -> Chọn mẫu muốn thay đổi -> Chọn nút Save', 296, '0'),
(1182, 'Thư rác, thư quảng cáo', 297, '0'),
(1183, 'Thư mới', 297, '0'),
(1184, 'Thư của nhà cung cấp dịch vụ E-mail mà ta đang sử dụng', 297, '0'),
(1185, 'Thư trả lời', 297, '1'),
(1186, 'Nhận thư', 298, '0'),
(1187, 'Gửi thư', 298, '0'),
(1188, 'Tạo hộp thư', 298, '0'),
(1189, '3 lựa chọn trên đều đúng', 298, '1'),
(1190, 'Lưu trang web về máy tính', 299, '0'),
(1191, 'Đánh dấu trang web trên trình duyệt', 299, '1'),
(1192, 'Đặt làm trang chủ', 299, '0'),
(1193, 'Tất cả đều đúng', 299, '0'),
(1194, 'Gửi email', 300, '0'),
(1195, 'Viết thư', 300, '1'),
(1196, 'Xem một trang web', 300, '0'),
(1197, 'In trên máy in sử dụng chung cài đặt ở máy khác', 300, '0'),
(1198, 'Tìm kiếm trên các Websites tìm kiếm chuyên dụng', 301, '1'),
(1199, 'Tùy vào nội dung tìm kiếm mà kết nối đến các Websites cụ thể', 301, '0'),
(1200, 'Tìm kiếm ở bất kỳ một Websites nào', 301, '0'),
(1201, 'Tìm trong các sách danh bạ internet', 301, '0'),
(1202, 'Read Access Memory', 302, '0'),
(1203, 'Random Access Memory', 302, '1'),
(1204, 'Rewrite Access Memory', 302, '0'),
(1205, 'Rewrite Access Memory', 302, '0'),
(1206, 'Tốc độ CPU, dung lượng bộ nhớ RAM, dung lượng và tốc độ ổ cứng', 303, '1'),
(1207, 'Yếu tố đa nhiệm', 303, '0'),
(1208, 'Hiện tượng phân mảnh ổ đĩa', 303, '0'),
(1209, 'Cả 3 phần trên đều đúng', 303, '0'),
(1210, 'Là công cụ chỉ dùng để tính toán các phép tính thông thường', 304, '0'),
(1211, 'Là công cụ cho phép xử lý thông tin một cách tự động', 304, '1'),
(1212, 'Là công cụ cho phép xử lý thông tin một cách thủ công', 304, '0'),
(1213, 'Là công cụ không dùng để tính toán', 304, '0'),
(1214, 'Màn hình -> CPU -> Đĩa cứng', 305, '0'),
(1215, 'Đĩa cứng -> Màn hình - CPU', 305, '0'),
(1216, 'Nhập thông tin -> Xử lý thông tin -> Xuất thông tin', 305, '1'),
(1217, 'Màn hình -> Máy in -> CPU', 305, '0'),
(1218, 'Bàn phím, màn hình, chuột', 306, '0'),
(1219, 'Màn hình, máy in', 306, '1'),
(1220, 'Chuột, màn hình, CPU', 306, '0'),
(1221, 'Bàn phím, màn hình, loa', 306, '0'),
(1222, 'Shift', 307, '0'),
(1223, 'Alt', 307, '0'),
(1224, 'Tab', 307, '0'),
(1225, 'Ctrl', 307, '1'),
(1226, 'Ctrl + X', 308, '0'),
(1227, 'Ctrl + C', 308, '1'),
(1228, 'Ctrl + V', 308, '0'),
(1229, 'Ctrl + Z', 308, '0'),
(1230, 'Dialog box', 309, '0'),
(1231, 'Control box', 309, '1'),
(1232, 'List box', 309, '0'),
(1233, 'Text box', 309, '0'),
(1234, 'Đặt thuộc tính hidden', 310, '0'),
(1235, 'Copy nhiều nơi trên ổ đĩa máy tính', 310, '0'),
(1236, 'Đặt thuộc tính Read only', 310, '0'),
(1237, 'Sao lưu dự phòng', 310, '1'),
(1238, 'Chống phân mảnh ổ cứng', 311, '1'),
(1239, 'Làm giảm dung lượng ổ cứng', 311, '0'),
(1240, 'Sao lưu dữ liệu ổ cứng', 311, '0'),
(1241, 'Lau chùi tập tin rác ổ cứng', 311, '0'),
(1242, 'Tạo một văn bản mới', 312, '0'),
(1243, 'Đóng văn bản đang làm việc', 312, '0'),
(1244, 'Mở 1 văn bản đã có trên máy tính', 312, '1'),
(1245, 'Lưu văn bản đang làm việc', 312, '0'),
(1246, 'Nhấn tổ hợp phím Ctrl + =', 313, '1'),
(1247, 'Nhấn tổ hợp phím Ctrl + Shift + +', 313, '0'),
(1248, 'Click chọn biểu tượng Superscript trong nhóm Font', 313, '0'),
(1249, 'Thay đổi kích thước chữ và di chuyển thủ công', 313, '0'),
(1250, 'Sao chép nội dung văn bản', 314, '0'),
(1251, 'Canh lề văn bản', 314, '0'),
(1252, 'Sao chép định dạng', 314, '1'),
(1253, 'Mở văn bản đã có', 314, '0'),
(1254, 'File -> Info -> Protect Document -> Restrict Editing', 315, '0'),
(1255, 'Review -> Restrict Editing -> Editing restrictions -> No changes (Read only)', 315, '0'),
(1256, 'File -> Info -> Protect Document -> Mark as Final', 315, '1'),
(1257, 'File -> Info -> Protect Document -> Encrypt as Password', 315, '0'),
(1258, 'Dữ liệu kiểu số sẽ mặc nhiên canh thẳng lề trái', 316, '1'),
(1259, 'Dữ liệu kiểu ký tự sẽ mặc nhiên canh thẳng lề trái', 316, '0'),
(1260, 'Dữ liệu kiểu thời gian sẽ mặc nhiên canh thẳng lề phải', 316, '0'),
(1261, 'Dữ liệu kiểu ngày tháng sẽ mặc nhiên canh thẳng lề phải', 316, '0'),
(1262, 'True', 317, '1'),
(1263, 'False', 317, '0'),
(1264, '#Name?', 317, '0'),
(1265, '#Value!', 317, '0'),
(1266, 'Tương đối', 318, '0'),
(1267, 'Tuyệt đối', 318, '0'),
(1268, 'Hỗn hợp', 318, '1'),
(1269, 'Biểu diễn sai', 318, '0'),
(1270, 'Home -> Print', 319, '0'),
(1271, 'Insert -> Print', 319, '0'),
(1272, 'Design -> Print', 319, '0'),
(1273, 'File -> Print', 319, '1'),
(1274, 'View -> Master Slide', 320, '0'),
(1275, 'Insert -> Slide Master', 320, '0'),
(1276, 'View -> Slide Master', 320, '1'),
(1277, 'Insert -> Master Slide', 320, '0'),
(1278, 'Slide trong cùng 1 presentation', 321, '0'),
(1279, 'Slide không cùng 1 presentation', 321, '0'),
(1280, 'Địa chỉ email, trang web, tập tin', 321, '0'),
(1281, 'Các lựa chọn trên đều đúng', 321, '1'),
(1282, 'Insert -> Audio', 322, '1'),
(1283, 'Insert -> Component', 322, '0'),
(1284, 'Insert -> Diagram', 322, '0'),
(1285, 'Insert -> Diagram', 322, '0'),
(1286, 'Shift + Delete', 323, '1'),
(1287, 'Delete', 323, '0'),
(1288, 'Alt + Delete', 323, '0'),
(1289, 'Ctrl + Delete', 323, '0'),
(1290, 'Animation', 324, '1'),
(1291, 'Transition', 324, '0'),
(1292, 'Effects', 324, '0'),
(1293, 'Slide Show', 324, '0'),
(1294, 'Phần cứng', 325, '1'),
(1295, 'Phần mềm', 325, '0'),
(1296, 'Thiết bị lưu trữ', 325, '0'),
(1297, 'Tất cả đều sai ', 325, '0'),
(1298, 'Nháy chọn biểu tượng chương trình tương ứng trên thanh công việc (Taskbar)', 326, '0'),
(1299, 'Nhấn giữ phím Alt và gõ phím Tab cho đến khi chọn được cửa sổ chương trình', 326, '0'),
(1300, 'Nháy vào một vị trí bất kỳ trên cửa sổ chương trình muốn kích hoạt', 326, '0'),
(1301, 'Các ý trên đều đúng ', 326, '1'),
(1302, 'Windows XP', 327, '0'),
(1303, 'Microsoft Word', 327, '1'),
(1304, 'Linux', 327, '0'),
(1305, 'Unix ', 327, '0'),
(1306, 'Nhấp chọn Edit -> Restore', 328, '1'),
(1307, 'Nhấp chọn Edit -> Delete', 328, '0'),
(1308, 'Nhấp chọn File -> Restore', 328, '0'),
(1309, 'Nhấp chọn File -> Delete ', 328, '0'),
(1310, 'Nhấp chọn File -> chọn Rename -> nhập tên mới -> nhấn phím Enter', 329, '0'),
(1311, 'Nhấn phím F2 -> nhập tên mới -> nhấn phím Enter', 329, '0'),
(1312, 'Nhấp chọn phải chuột tại thư mục/tệp tin -> nhập tên mới -> nhấn phím Enter', 329, '0'),
(1313, 'Các ý trên đều đúng ', 329, '1'),
(1314, 'Vào bảng chọn Edit và UnDelete và Yes', 330, '0'),
(1315, 'Nhấn tổ hợp phím Ctrl + Delete và Yes', 330, '0'),
(1316, 'Nhấn phím Delete và Yes', 330, '1'),
(1317, 'Các ý trên đều đúng ', 330, '0'),
(1318, 'Vào bảng chọn Edit và chọn Paste', 331, '0'),
(1319, 'Nhấn tổ hợp phím Ctrl + V', 331, '0'),
(1320, 'Nháy phải chuột tại vùng trống bên trong ổ đĩa, thư mục cha và chọn Paste', 331, '0'),
(1321, 'Các ý trên đều đúng ', 331, '1'),
(1322, 'Nhấn tổ hợp phím Ctrl + F3', 332, '0'),
(1323, 'Nhấn phím F11', 332, '0'),
(1324, 'Nhấn tổ hợp phím Alt + F4', 332, '1'),
(1325, 'Các ý trên đều đúng', 332, '0'),
(1326, 'Internet Explorer', 333, '0'),
(1327, 'Windows Explorer', 333, '1'),
(1328, 'Microsoft Word', 333, '0'),
(1329, 'Microsoft Excel ', 333, '0'),
(1330, 'Microsoft Paint', 334, '0'),
(1331, 'System Tools', 334, '0'),
(1332, 'Control Panel', 334, '1'),
(1333, 'Calculator ', 334, '0'),
(1334, 'Shift + F5', 335, '1'),
(1335, 'Shift + F4', 335, '0'),
(1336, 'Alt + H', 335, '0'),
(1337, 'F11', 335, '0'),
(1338, 'Bàn phím', 336, '0'),
(1339, 'Chuột', 336, '0'),
(1340, 'Máy quét', 336, '0'),
(1341, 'Tất cả các ý trên đều đúng', 336, '1'),
(1342, 'Nhấn tổ hợp phím Alt + F4', 337, '0'),
(1343, 'File - Close', 337, '0'),
(1344, 'Chọn nút Close bên phải thanh tiêu đề', 337, '0'),
(1345, 'Tất cả đều đúng', 337, '1'),
(1346, 'Maximize', 338, '1'),
(1347, 'Minimize', 338, '0'),
(1348, 'Close', 338, '0'),
(1349, 'Tất cả đều đúng', 338, '0'),
(1350, 'Maximize', 339, '0'),
(1351, 'Minimize', 339, '1'),
(1352, 'Close', 339, '0'),
(1353, 'Tất cả đều đúng', 339, '0'),
(1354, 'Shift-Tab', 340, '0'),
(1355, 'Ctrl-Tab', 340, '0'),
(1356, 'Ctrl-Shift-Tab', 340, '0'),
(1357, 'Alt-Tab', 340, '1'),
(1358, 'Kích chuột phải tại vùng trống trên màn hình nền => Sort by => Name', 341, '0'),
(1359, 'Kích chuột phải tại vùng trống trên màn hình nền => Sort by => Size', 341, '1'),
(1360, 'Kích chuột phải tại vùng trống trên màn hình nền => Sort by => Item Type', 341, '0'),
(1361, 'Kích chuột phải tại vùng trống trên màn hình nền => Sort by => Date Modified', 341, '0'),
(1362, 'Kích chuột phải tại vùng trống trên màn hình nền => New => Folder, gõ tên thư mục và nhấn phím Enter', 342, '1'),
(1363, 'Kích chuột trái tại vùng trống trên màn hình nền => New => Folder, gõ tên thư mục và nhấn phím Enter', 342, '0'),
(1364, 'Kích đôi chuột tại My Computer => New => Folder, gõ tên thư mục và nhấn phím Enter', 342, '0'),
(1365, 'Mở My Computer => Control Panel => New => Folder, gõ tên thư mục và nhấn phím Enter', 342, '0'),
(1366, 'Kích phải chuột tại đối tượng cần tạo shortcut, chọn Sent to => chọn Desktop (create shortcut)', 343, '0'),
(1367, 'Nhấn giữ nút chuột phải tại đối tượng cần tạo shortcut, kéo thả ra ngoài màn hình nền, khi bảng chọn tắt xuất hiện, chọn Create shortcuts here', 343, '0'),
(1368, 'Nhấn giữ nút chuột phải tại đối tượng cần tạo shortcut, kéo thả ra ngoài màn hình nền, khi bảng chọn tắt xuất hiện, chọn Create shortcuts here', 343, '0'),
(1369, 'Các cách trên đều đúng', 343, '1'),
(1370, 'Mở My Computer và sử dụng thanh tìm kiếm', 344, '0'),
(1371, 'Mở Start Menu và sử dụng tính năng Search', 344, '0'),
(1372, 'Nhấn tổ hợp phím Ctrl + F', 344, '0'),
(1373, 'Tất cả đều đúng', 344, '1'),
(1374, 'Nhấp phải chuột vào màn hình desktop, chọn Properties và thay đổi tại tab Desktop', 345, '0'),
(1375, 'Mở Control Panel và chọn Personalization để thay đổi hình nền', 345, '0'),
(1376, 'Kéo thả hình ảnh vào màn hình desktop', 345, '0'),
(1377, 'Tất cả đều đúng', 345, '1'),
(1378, 'Nhấn tổ hợp phím Ctrl + Alt + Del và chọn Task Manager', 346, '0'),
(1379, 'Kích phải chuột vào biểu tượng chương trình trên Taskbar và chọn Close', 346, '0'),
(1380, 'Mở Start Menu và chọn Turn Off', 346, '0'),
(1381, 'A và B đều đúng', 346, '1');
INSERT INTO `answer` (`id`, `answer`, `id_question`, `correct`) VALUES
(1382, 'Vào menu View trên thanh công cụ', 347, '0'),
(1383, 'Kích chuột phải tại khu vực trống trong cửa sổ Explorer và chọn chế độ xem', 347, '0'),
(1384, 'Sử dụng tổ hợp phím Ctrl + Mouse Wheel để phóng to hoặc thu nhỏ', 347, '0'),
(1385, 'Tất cả đều đúng', 347, '1'),
(1386, 'Kéo và thả tệp tin vào thư mục đích', 348, '0'),
(1387, 'Sử dụng tổ hợp phím Ctrl + C để sao chép và Ctrl + V để dán', 348, '0'),
(1388, 'Sử dụng lệnh Copy và Paste trong menu chuột phải', 348, '0'),
(1389, 'Tất cả đều đúng', 348, '1'),
(1390, 'Kích chuột phải vào tệp tin hoặc thư mục, chọn Rename', 349, '0'),
(1391, 'Nhấn phím F2 và gõ tên mới', 349, '0'),
(1392, 'Kích chuột phải vào tệp tin hoặc thư mục, chọn Properties', 349, '0'),
(1393, 'Tất cả đều đúng', 349, '1'),
(1394, 'Tệp tin văn bản', 350, '0'),
(1395, 'Tệp tin hình ảnh', 350, '0'),
(1396, 'Tệp tin thực thi (Executable)', 350, '1'),
(1397, 'Tệp tin âm thanh', 350, '0'),
(1398, 'Mở Start Menu và chọn Shut Down', 351, '0'),
(1399, 'Nhấn tổ hợp phím Ctrl + Alt + Del và chọn Shut Down', 351, '0'),
(1400, 'Kích chuột phải vào biểu tượng Start và chọn Shut Down', 351, '0'),
(1401, 'Tất cả đều đúng', 351, '1'),
(1402, 'Quick Access', 352, '1'),
(1403, 'My Computer', 352, '0'),
(1404, 'Desktop', 352, '0'),
(1405, 'All Programs', 352, '0'),
(1406, 'Control Panel', 353, '1'),
(1407, 'Task Manager', 353, '0'),
(1408, 'System Preferences', 353, '0'),
(1409, 'File Explorer', 353, '0'),
(1410, 'Ctrl + Shift + Esc', 354, '1'),
(1411, 'Ctrl + Alt + Del', 354, '0'),
(1412, 'Ctrl + Alt + F4', 354, '0'),
(1413, 'Alt + Tab', 354, '0'),
(1414, 'Nhấn tổ hợp phím Alt + Tab để chuyển giữa các cửa sổ', 355, '0'),
(1415, 'Mở nhiều cửa sổ và thay đổi kích thước chúng', 355, '0'),
(1416, 'Sử dụng tính năng Snap Assist để chia màn hình', 355, '0'),
(1417, 'Tất cả đều đúng', 355, '1'),
(1418, 'Windows Defender', 356, '1'),
(1419, 'Task Manager', 356, '0'),
(1420, 'File Explorer', 356, '0'),
(1421, 'Control Panel', 356, '0'),
(1422, 'Windows Update', 357, '1'),
(1423, 'Windows Defender', 357, '0'),
(1424, 'Task Scheduler', 357, '0'),
(1425, 'System Preferences', 357, '0'),
(1426, 'Ctrl + F', 358, '0'),
(1427, 'Windows + S', 358, '1'),
(1428, 'Alt + F', 358, '0'),
(1429, 'Ctrl + Alt + T', 358, '0'),
(1430, 'RAM', 359, '0'),
(1431, 'ROM', 359, '0'),
(1432, 'Router', 359, '1'),
(1433, 'CPU', 359, '0'),
(1434, 'Bộ nhớ trong, Bộ nhớ ngoài', 360, '1'),
(1435, 'Cache, Bộ nhớ ngoài', 360, '0'),
(1436, 'Bộ nhớ ngoài, ROM', 360, '0'),
(1437, 'Đĩa quang, Bộ nhớ trong', 360, '0'),
(1438, 'Chia sẻ tài nguyên', 361, '1'),
(1439, 'Nhãn hiệu của một thiết bị kết nối mạng', 361, '0'),
(1440, 'Thực hiện lệnh in trong mạng cục bộ', 361, '0'),
(1441, 'Một phần mềm hỗ trợ sử dụng mạng cục bộ', 361, '0'),
(1442, 'Primary memory', 362, '1'),
(1443, 'Receive memory', 362, '0'),
(1444, 'Secondary memory', 362, '0'),
(1445, 'Random access memory', 362, '0'),
(1446, 'Bàn phím (Keyboard), Chuột (Mouse), Máy in (Printer)', 363, '0'),
(1447, 'Máy quét ảnh (Scaner)', 363, '0'),
(1448, 'Bàn phím (Keyboard), Chuột (Mouse) và Máy quét ảnh (Scaner)', 363, '1'),
(1449, 'Máy quét ảnh (Scaner), Chuột (Mouse)', 363, '0'),
(1450, 'Cung cấp và xử lý các phần cứng và phần mềm', 364, '0'),
(1451, 'Nghiên cứu phương pháp, kỹ thuật xử lý thông tin bằng máy tính điện tử', 364, '0'),
(1452, 'Nghiên cứu về công nghệ phần cứng và phần mềm', 364, '0'),
(1453, 'Là một phần mềm chạy trên máy tính, dùng để điều hành, quản lý các thiết bị phần cứng và các tài nguyên phần mềm trên máy tính', 364, '1'),
(1454, 'Menu pad', 365, '0'),
(1455, 'Menu options', 365, '0'),
(1456, 'Menu bar', 365, '1'),
(1457, 'Tất cả đều sai', 365, '0'),
(1458, 'In màn hình hiện hành ra máy in', 366, '0'),
(1459, 'Không có công dụng gì khi sử dụng 1 mình nó', 366, '0'),
(1460, 'In văn bản hiện hành ra máy in', 366, '0'),
(1461, 'Chụp màn hình hiện hành', 366, '1'),
(1462, 'Maximum', 367, '0'),
(1463, 'Minimum', 367, '0'),
(1464, 'Restore down', 367, '1'),
(1465, 'Close', 367, '0'),
(1466, 'Tạo một văn bản mới', 368, '0'),
(1467, 'Chức năng thay thế nội dung trong soạn thảo', 368, '0'),
(1468, 'Định dạng chữ hoa', 368, '0'),
(1469, 'Lưu nội dung tập tin văn bản vào đĩa', 368, '1'),
(1470, 'View – Symbol', 369, '0'),
(1471, 'Format – Symbol', 369, '0'),
(1472, 'Tools – Symbol', 369, '0'),
(1473, 'Insert – Symbol', 369, '1'),
(1474, 'Bấm tổ hợp phím Ctrl – Enter', 370, '0'),
(1475, 'Bấm phím Enter', 370, '1'),
(1476, 'Bấm tổ hợp phím Shift – Enter', 370, '0'),
(1477, 'Word tự động, không cần bấm phím', 370, '0'),
(1478, 'Shift + End', 371, '0'),
(1479, 'Alt + End', 371, '0'),
(1480, 'Ctrl + End', 371, '1'),
(1481, 'Alt + A', 372, '0'),
(1482, 'Ctrl + A', 372, '1'),
(1483, 'Ctrl + Shift + A', 372, '0'),
(1484, 'Câu 1 và 2', 372, '0'),
(1485, 'Click 1 lần trên đoạn', 373, '0'),
(1486, 'Click 2 lần trên đoạn', 373, '0'),
(1487, 'Click 3 lần trên đoạn', 373, '1'),
(1488, 'Click 4 lần trên đoạn', 373, '0'),
(1489, 'Nháy đúp chuột vào từ cần chọn', 374, '1'),
(1490, 'Bấm tổ hợp phím Ctrl – C', 374, '0'),
(1491, 'Nháy chuột vào từ cần chọn', 374, '0'),
(1492, 'Bấm phím Enter', 374, '0'),
(1493, 'Table – Merge Cells', 375, '0'),
(1494, 'Table – Split Cells', 375, '1'),
(1495, 'Tools – Split Cells', 375, '0'),
(1496, 'Table – Cells', 375, '0'),
(1497, 'Notepad', 376, '0'),
(1498, 'Microsoft Word', 376, '1'),
(1499, 'WordPad', 376, '0'),
(1500, 'Tất cả đều đúng', 376, '0'),
(1501, '15', 377, '0'),
(1502, '16', 377, '0'),
(1503, '17', 377, '1'),
(1504, '18', 377, '0'),
(1505, '9', 378, '0'),
(1506, '10', 378, '0'),
(1507, '11', 378, '1'),
(1508, 'Lỗi', 378, '0'),
(1509, '6', 379, '0'),
(1510, '11', 379, '1'),
(1511, '5', 379, '0'),
(1512, '0', 379, '0'),
(1513, 'Giỏi', 380, '0'),
(1514, 'Khá', 380, '0'),
(1515, 'Trung Bình', 380, '1'),
(1516, 'Xuất sắc', 380, '0'),
(1517, 'Vlookup', 381, '1'),
(1518, 'IF', 381, '0'),
(1519, 'Left', 381, '0'),
(1520, 'Sum', 381, '0'),
(1521, 'File / Save As', 382, '1'),
(1522, 'File / Save', 382, '0'),
(1523, 'File / New', 382, '0'),
(1524, 'Edit / Replace', 382, '0'),
(1525, 'Số ngày trong tháng', 383, '0'),
(1526, 'Số tháng trong năm', 383, '0'),
(1527, 'Ngày hiện hành của hệ thống', 383, '1'),
(1528, 'Số giờ trong ngày', 383, '0'),
(1529, 'B$1$$10$D', 384, '0'),
(1530, 'B$1', 384, '0'),
(1531, '$B1:$D10', 384, '0'),
(1532, '$B$1:$D$10', 384, '1'),
(1533, '=IF(C2>=3, 200000, 0)', 385, '0'),
(1534, '=IF(C2<=3, 200000, \'\')', 385, '1'),
(1535, '=IF(C2<=3, 0, 200000)', 385, '0'),
(1536, '=IF(C2<3, 200000, \'\')', 385, '0'),
(1537, '0', 386, '0'),
(1538, '5', 386, '1'),
(1539, '#VALUE!', 386, '0'),
(1540, '#NAME!', 386, '0'),
(1541, 'Home -> Slides -> New Slide', 387, '1'),
(1542, 'Insert -> New Slide', 387, '0'),
(1543, 'Design -> New Slide', 387, '0'),
(1544, 'View -> New Slide', 387, '0'),
(1545, 'Insert \\ Bullets and Numbering', 388, '0'),
(1546, 'Insert \\ Text \\ Slide Number', 388, '1'),
(1547, 'Format \\ Bullets and Number', 388, '0'),
(1548, 'Các câu trên đều sai', 388, '0'),
(1549, 'Chèn thêm một slide mới vào ngay trước slide hiện hành', 389, '0'),
(1550, 'Chèn thêm một slide mới vào ngay sau slide hiện hành', 389, '1'),
(1551, 'Chèn thêm một slide mới vào ngay trước slide đầu tiên', 389, '0'),
(1552, 'Chèn thêm một slide mới vào ngay sau slide cuối cùng', 389, '0'),
(1553, 'Animations -> Add Animation', 390, '1'),
(1554, 'Animations -> Animation', 390, '0'),
(1555, 'Transitions -> Effect Options', 390, '0'),
(1556, 'Transitions -> Transition to this Slide', 390, '0'),
(1557, 'Design ->Themes …', 391, '1'),
(1558, 'Design ->Background…', 391, '0'),
(1559, 'Insert -> Slide Design …', 391, '0'),
(1560, 'Slide Show -> Themes…', 391, '0'),
(1561, 'Normal', 392, '1'),
(1562, 'Slide Sorter', 392, '0'),
(1563, 'Slide show', 392, '0'),
(1564, 'Reading view', 392, '0'),
(1565, 'Thiết lập thời gian chờ trước khi slide được trình chiếu', 393, '0'),
(1566, 'Thiết lập thời gian chờ trước khi hiệu ứng bắt đầu', 393, '1'),
(1567, 'Thiết lập thời gian chờ trước khi hiệu ứng kết thúc', 393, '0'),
(1568, 'Tất cả đều đúng', 393, '0'),
(1569, 'File/ Chart', 394, '0'),
(1570, 'Insert/ Chart', 394, '1'),
(1571, 'View/ Chart', 394, '0'),
(1572, 'Design/ Chart', 394, '0'),
(1573, 'Ctrl + X', 395, '0'),
(1574, 'Ctrl + Z', 395, '1'),
(1575, 'Ctrl + C', 395, '0'),
(1576, 'Ctrl + V', 395, '0'),
(1577, 'Thư rác, thư quảng cáo', 396, '0'),
(1578, 'Thư mới', 396, '0'),
(1579, 'Thư trả lời', 396, '1'),
(1580, 'Thư của nhà cung cấp dịch vụ E-mail mà ta đang sử dụng', 396, '0'),
(1581, 'Nhận thư', 397, '0'),
(1582, 'Gửi thư', 397, '0'),
(1583, 'Tạo hộp thư', 397, '0'),
(1584, 'Cả 3 lựa chọn trên đúng', 397, '1'),
(1585, 'Lưu trang web về máy tính', 398, '0'),
(1586, 'Đánh dấu trang web trên trình duyệt', 398, '1'),
(1587, 'Đặt làm trang chủ', 398, '0'),
(1588, 'Tất cả đều đúng', 398, '0'),
(1589, 'Gửi email', 399, '0'),
(1590, 'Viết thư', 399, '1'),
(1591, 'Xem 1 trang web', 399, '0'),
(1592, 'In trên máy in sử dụng chung cài đặt ở máy khác', 399, '0'),
(1593, 'Tìm kiếm trên các Websites tìm kiếm chuyên dụng', 400, '1'),
(1594, 'Tùy vào nội dung tìm kiếm mà kết nối đến các Websites cụ thể', 400, '0'),
(1595, 'Tìm kiếm ở bất kỳ một Websites nào', 400, '0'),
(1596, 'Tìm trong các sách danh bạ internet', 400, '0'),
(1597, 'Read Access Memory', 401, '0'),
(1598, 'Random Access Memory', 401, '1'),
(1599, 'Rewrite Access Memory', 401, '0'),
(1600, 'Rewrite Access Memory', 401, '0'),
(1601, 'Tốc độ CPU, dung lượng bộ nhớ RAM, dung lượng và tốc độ ổ cứng', 402, '1'),
(1602, 'Yếu tố đa nhiệm', 402, '0'),
(1603, 'Hiện tượng phân mảnh ổ đĩa', 402, '0'),
(1604, 'Cả 3 phần trên đều đúng', 402, '0'),
(1605, 'Là công cụ chỉ dùng để tính toán các phép tính thông thường', 403, '0'),
(1606, 'Là công cụ cho phép xử lý thông tin một cách tự động', 403, '1'),
(1607, 'Là công cụ cho phép xử lý thông tin một cách thủ công', 403, '0'),
(1608, 'Là công cụ không dùng để tính toán', 403, '0'),
(1609, 'Màn hình -> CPU -> Đĩa cứng', 404, '0'),
(1610, 'Đĩa cứng -> Màn hình - CPU', 404, '0'),
(1611, 'Nhập thông tin -> Xử lý thông tin -> Xuất thông tin', 404, '1'),
(1612, 'Màn hình -> Máy in -> CPU', 404, '0'),
(1613, 'Bàn phím, màn hình, chuột', 405, '0'),
(1614, 'Màn hình, máy in', 405, '1'),
(1615, 'Chuột, màn hình, CPU', 405, '0'),
(1616, 'Bàn phím, màn hình, loa', 405, '0'),
(1617, 'Shift', 406, '0'),
(1618, 'Alt', 406, '0'),
(1619, 'Tab', 406, '0'),
(1620, 'Ctrl', 406, '1'),
(1621, 'Ctrl + X', 407, '0'),
(1622, 'Ctrl + C', 407, '1'),
(1623, 'Ctrl + V', 407, '0'),
(1624, 'Ctrl + Z', 407, '0'),
(1625, 'Dialog box', 408, '0'),
(1626, 'Control box', 408, '1'),
(1627, 'List box', 408, '0'),
(1628, 'Text box', 408, '0'),
(1629, 'Đặt thuộc tính hidden', 409, '0'),
(1630, 'Copy nhiều nơi trên ổ đĩa máy tính', 409, '0'),
(1631, 'Đặt thuộc tính Read only', 409, '0'),
(1632, 'Sao lưu dự phòng', 409, '1'),
(1633, 'Chống phân mảnh ổ cứng', 410, '1'),
(1634, 'Làm giảm dung lượng ổ cứng', 410, '0'),
(1635, 'Sao lưu dữ liệu ổ cứng', 410, '0'),
(1636, 'Lau chùi tập tin rác ổ cứng', 410, '0'),
(1637, 'Tạo một văn bản mới', 411, '0'),
(1638, 'Đóng văn bản đang làm việc', 411, '0'),
(1639, 'Mở 1 văn bản đã có trên máy tính', 411, '1'),
(1640, 'Lưu văn bản đang làm việc', 411, '0'),
(1641, 'Nhấn tổ hợp phím Ctrl + =', 412, '1'),
(1642, 'Nhấn tổ hợp phím Ctrl + Shift + +', 412, '0'),
(1643, 'Click chọn biểu tượng Superscript trong nhóm Font', 412, '0'),
(1644, 'Click chọn biểu tượng Subscript trong nhóm Font', 412, '1'),
(1645, 'Sao chép nội dung văn bản', 413, '0'),
(1646, 'Canh lề văn bản', 413, '0'),
(1647, 'Sao chép định dạng', 413, '1'),
(1648, 'Mở văn bản đã có', 413, '0'),
(1649, 'File -> info -> Protect Document -> Restrict Editing', 414, '0'),
(1650, 'Review -> Restrict Editing -> Editing restrictions -> No changes (Read only)', 414, '1'),
(1651, 'File -> info -> Protect Document -> Mark as Final', 414, '1'),
(1652, 'File -> info -> Protect Document -> Encrypt as Password', 414, '0'),
(1653, 'Dữ liệu kiểu số sẽ mặc nhiên canh thẳng lề trái', 415, '1'),
(1654, 'Dữ liệu kiểu ký tự sẽ mặc nhiên canh thẳng lề trái', 415, '0'),
(1655, 'Dữ liệu kiểu thời gian sẽ mặc nhiên canh thẳng lề phải', 415, '0'),
(1656, 'Dữ liệu kiểu ngày tháng sẽ mặc nhiên canh thẳng lề phải', 415, '0'),
(1657, 'True', 416, '1'),
(1658, 'False', 416, '0'),
(1659, '#Name?', 416, '0'),
(1660, '#Value!', 416, '0'),
(1661, 'Tương đối', 417, '0'),
(1662, 'Tuyệt đối', 417, '0'),
(1663, 'Hỗn hợp', 417, '1'),
(1664, 'Biểu diễn sai', 417, '0'),
(1665, 'Home -> Print', 418, '0'),
(1666, 'Insert -> Print', 418, '0'),
(1667, 'Design -> Print', 418, '0'),
(1668, 'File -> Print', 418, '1'),
(1669, 'View -> Master Slide', 419, '0'),
(1670, 'Insert -> Slide Master', 419, '0'),
(1671, 'View -> Slide Master', 419, '1'),
(1672, 'Insert -> Master Slide', 419, '0'),
(1673, 'Slide trong cùng 1 presentation', 420, '0'),
(1674, 'Slide không cùng 1 presentation', 420, '0'),
(1675, 'Địa chỉ email, trang web, tập tin', 420, '0'),
(1676, 'Các lựa chọn trên đều đúng', 420, '1'),
(1677, 'Insert -> Audio', 421, '1'),
(1678, 'Insert -> Component', 421, '0'),
(1679, 'Insert -> Diagram', 421, '0'),
(1680, 'Insert -> Diagram', 421, '0'),
(1681, 'ALT + I + D', 422, '0'),
(1682, 'ALT + E + F', 422, '0'),
(1683, 'ALT + E + D', 422, '1'),
(1684, 'ALT + W + P', 422, '0'),
(1685, 'Dữ liệu truyền từ máy đang chat lên máy chủ phòng nét và quay về máy chat bên kia', 423, '0'),
(1686, 'Dữ liệu đi trực tiếp giữa hai máy đang trong phòng chat', 423, '1'),
(1687, 'Dữ liệu truyền về máy chủ Yahoo và quay về máy bên kia', 423, '0'),
(1688, 'Dữ liệu truyền về máy chủ internet Việt Nam và quay về máy đang chat', 423, '0'),
(1689, 'Lĩnh vực chính phủ', 424, '0'),
(1690, 'Lĩnh vực giáo dục', 424, '1'),
(1691, 'Lĩnh vực cung cấp thông tin', 424, '0'),
(1692, 'Thuộc về các tổ chức khác', 424, '0'),
(1693, 'Là một ngôn ngữ siêu văn bản', 425, '0'),
(1694, 'Là hình thức trao đổi thông tin dưới dạng thư thông qua hệ thống mạng máy tính', 425, '0'),
(1695, 'Là các file được tạo ra bởi Word, Excel, PowerPoint … rồi chuyển sang html', 425, '0'),
(1696, 'Tất cả đều sai', 425, '1'),
(1697, 'Microsoft Internet Explorer', 426, '0'),
(1698, 'Mozilla Firefox', 426, '0'),
(1699, 'Netcape', 426, '0'),
(1700, 'Unikey', 426, '1'),
(1701, 'Google Driver', 427, '0'),
(1702, 'Mediafire', 427, '0'),
(1703, 'OneDrive', 427, '1'),
(1704, 'Cả 3 câu hỏi trên đều đúng', 427, '0'),
(1705, 'Nhắp chuột phải, chọn lệnh Move', 428, '0'),
(1706, 'Trỏ chuột vào thanh tiêu đề (Title bar) và kéo đến vị trí mới', 428, '1'),
(1707, 'Chọn Menu Windows; Move', 428, '0'),
(1708, 'Tất cả đúng', 428, '0'),
(1709, 'Control Panel / Folder Option / General tab', 429, '0'),
(1710, 'Folder Properties / General tab', 429, '0'),
(1711, 'Control Panel / Folder Option / View tab', 429, '1'),
(1712, 'Folder Properties / Security tab', 429, '0'),
(1713, 'Chương trình', 430, '0'),
(1714, 'Ổ đĩa', 430, '0'),
(1715, 'Tập tin tư liệu', 430, '0'),
(1716, 'Tất cả đúng', 430, '1'),
(1717, 'Máy in', 431, '0'),
(1718, 'Bàn phím', 431, '0'),
(1719, 'Màn hình', 431, '0'),
(1720, 'Đĩa cd-rw/dvd-rw', 431, '1'),
(1721, 'File - Copy', 432, '0'),
(1722, 'File - Open', 432, '0'),
(1723, 'File - Restore', 432, '1'),
(1724, 'File - Move To Folder…', 432, '0'),
(1725, 'Control Panel', 433, '1'),
(1726, 'Control Windows', 433, '0'),
(1727, 'Control System', 433, '0'),
(1728, 'Control Desktop', 433, '0'),
(1729, 'Accessories', 434, '0'),
(1730, 'Windows Explorer', 434, '1'),
(1731, 'Internet Explorer', 434, '0'),
(1732, 'Control Panel', 434, '0'),
(1733, 'Notepad', 435, '0'),
(1734, 'Calculator', 435, '1'),
(1735, 'MS Word', 435, '0'),
(1736, 'MS Excell', 435, '0'),
(1737, 'Notepad', 436, '0'),
(1738, 'Calculator', 436, '1'),
(1739, 'MS Word', 436, '0'),
(1740, 'MS Excell', 436, '0'),
(1741, 'File - Printer and Faxes, rồi chọn mục Add a printer', 437, '0'),
(1742, 'Window - Printer and Faxes, rồi chọn mục Add a printer', 437, '0'),
(1743, 'Start - Printer and Faxes, rồi chọn mục Add a printer', 437, '1'),
(1744, 'Tools - Printer and Faxes, rồi chọn mục Add a printer', 437, '0'),
(1745, 'Giữ phím Ctrl và nháy chuột vào từng mục muốn chọn trong danh sách', 438, '1'),
(1746, 'Nháy chuột ở mục đầu, ấn và giữ Shift nháy chuột ở mục cuối', 438, '0'),
(1747, 'Giữ phím Alt và nháy chuột vào từng mục muốn chọn trong danh sách', 438, '0'),
(1748, 'Giữ phím Tab và nháy chuột vào từng mục muốn chọn trong danh sách', 438, '0'),
(1749, 'Alt – F4', 439, '1'),
(1750, 'Ctrl – F5', 439, '0'),
(1751, 'Shift – F4', 439, '0'),
(1752, 'Alt – F5', 439, '0'),
(1753, 'Secondary memory', 440, '0'),
(1754, 'Receive memory', 440, '0'),
(1755, 'Primary memory', 440, '1'),
(1756, 'Random access memory', 440, '0'),
(1757, 'Status bar', 441, '1'),
(1758, 'Menu bar', 441, '0'),
(1759, 'Task bar', 441, '0'),
(1760, 'Tất cả đều sai', 441, '0'),
(1761, 'Display', 442, '0'),
(1762, 'Control panel', 442, '1'),
(1763, 'Screen Saver', 442, '0'),
(1764, 'Tất cả đều có thể', 442, '0'),
(1765, 'Shift_Del', 443, '1'),
(1766, 'Alt_Del', 443, '0'),
(1767, 'Ctrl_Del', 443, '0'),
(1768, 'Cả 3 câu đều sai', 443, '0'),
(1769, 'Lock the Taskbar', 444, '0'),
(1770, 'Auto-Hide the Taskbar', 444, '0'),
(1771, 'Keep the Taskbar on top of other Windows', 444, '1'),
(1772, 'Show the clock', 444, '0'),
(1773, 'Delete', 445, '0'),
(1774, 'Restore', 445, '1'),
(1775, 'Redo', 445, '0'),
(1776, 'Undo Delete', 445, '0'),
(1777, 'Ctrl', 446, '0'),
(1778, 'Alt', 446, '0'),
(1779, 'Tab', 446, '0'),
(1780, 'Shift', 446, '1'),
(1781, 'Vào bảng chọn Edit à chọn Paste', 447, '0'),
(1782, 'Nhấn tổ hợp phím Ctrl + V', 447, '1'),
(1783, 'Nháy phải chuột tại vùng trống bên trong ổ đĩa, thư mục cha à chọn Paste', 447, '0'),
(1784, 'Các ý trên đều đúng', 447, '1'),
(1785, 'Phần cứng', 448, '1'),
(1786, 'Phần mềm', 448, '0'),
(1787, 'Thiết bị lưu trữ', 448, '0'),
(1788, 'Tất cả đều sai', 448, '0'),
(1789, 'Nháy chọn biểu tượng chương trình tương ứng trên thanh công việc (Taskbar)', 449, '1'),
(1790, 'Nhấn giữ phím Alt và gõ phím Tab cho đến khi chọn được cửa sổ chương trình', 449, '0'),
(1791, 'Nháy vào một vị trí bất kỳ trên cửa sổ chương trình muốn kích hoạt', 449, '0'),
(1792, 'Các ý trên đều đúng', 449, '0'),
(1793, 'Windows XP', 450, '0'),
(1794, 'Microsoft Word', 450, '1'),
(1795, 'Linux D', 450, '0'),
(1796, 'Unix', 450, '0'),
(1797, 'Nhấp chọn Edit à Restore', 451, '0'),
(1798, 'Nhấp chọn Edit à Delete', 451, '0'),
(1799, 'Nhấp chọn File à Restore', 451, '1'),
(1800, 'Nhấp chọn File à Delete', 451, '0'),
(1801, 'Nhấp chọn File à chọn Rename à nhập tên mới à nhấn phím Enter', 452, '0'),
(1802, 'Nhấn phím F2 à nhập tên mới à nhấn phím Enter', 452, '1'),
(1803, 'Nhấp chọn phải chuột tại thư mục/tệp tin à nhập tên mới à nhấn phím Enter', 452, '0'),
(1804, 'Các ý trên đều đúng', 452, '1'),
(1805, 'Vào bảng chọn Edit và UnDelete và Yes', 453, '0'),
(1806, 'Nhấn tổ hợp phím Ctrl + Delete và Yes', 453, '0'),
(1807, 'Nhấn phím Delete và Yes', 453, '1'),
(1808, 'Các ý trên đều đúng', 453, '0'),
(1809, 'Vào bảng chọn Edit và chọn Paste', 454, '0'),
(1810, 'Nhấn tổ hợp phím Ctrl + V', 454, '1'),
(1811, 'Nháy phải chuột tại vùng trống bên trong ổ đĩa, thư mục cha và chọn Paste', 454, '0'),
(1812, 'Các ý trên đều đúng', 454, '1'),
(1813, 'Nhấn tổ hợp phím Ctrl + F3', 455, '0'),
(1814, 'Nhấn phím F11', 455, '0'),
(1815, 'Nhấn tổ hợp phím Alt + F4', 455, '1'),
(1816, 'Các ý trên đều đúng', 455, '0'),
(1817, 'Internet Explorer', 456, '0'),
(1818, 'Windows Explorer', 456, '1'),
(1819, 'Microsoft Word', 456, '0'),
(1820, 'Microsoft Excel', 456, '0'),
(1821, 'Microsoft Paint', 457, '0'),
(1822, 'System Tools', 457, '0'),
(1823, 'Control Panel', 457, '1'),
(1824, 'Caculator', 457, '0'),
(1825, 'Shift + F4', 458, '0'),
(1826, 'Shift + F4', 458, '0'),
(1827, 'Alt + H', 458, '0'),
(1828, 'F11', 458, '0'),
(1829, 'Bàn phím', 459, '1'),
(1830, 'Chuột', 459, '1'),
(1831, 'Máy quét', 459, '0'),
(1832, 'Tất cả các ý trên đều đúng', 459, '1'),
(1833, 'Nhấn tổ hợp phím Alt + F4', 460, '1'),
(1834, 'File - Close', 460, '0'),
(1835, 'Chọn nút Close bên phải thanh tiêu đề', 460, '0'),
(1836, 'Tất cả đều đúng', 460, '1'),
(1837, 'Maximize', 461, '1'),
(1838, 'Minimize', 461, '0'),
(1839, 'Close', 461, '0'),
(1840, 'Tất cả đều đúng', 461, '0'),
(1841, 'Maximize', 462, '0'),
(1842, 'Minimize', 462, '1'),
(1843, 'Close', 462, '0'),
(1844, 'Tất cả đều đúng', 462, '0'),
(1845, 'Shift-Tab', 463, '0'),
(1846, 'Ctrl-Tab', 463, '0'),
(1847, 'Ctrl-Shift-Tab', 463, '0'),
(1848, 'Alt-Tab', 463, '1'),
(1849, 'Kích chuột phải tại vùng trống trên màn hình nền => Sort by => Name', 464, '0'),
(1850, 'Kích chuột phải tại vùng trống trên màn hình nền => Sort by => Size', 464, '1'),
(1851, 'Kích chuột phải tại vùng trống trên màn hình nền => Sort by => Item Type', 464, '0'),
(1852, 'Kích chuột phải tại vùng trống trên màn hình nền => Sort by => Date Modified', 464, '0'),
(1853, 'Kích chuột phải tại vùng trống trên màn hình nền => New => Folder, gõ tên thư mục và nhấn phím Enter', 465, '1'),
(1854, 'Kích chuột trái tại vùng trống trên màn hình nền => New => Folder, gõ tên thư mục và nhấn phím Enter', 465, '0'),
(1855, 'Kích đôi chuột tại My Computer => New => Folder, gõ tên thư mục và nhấn phím Enter', 465, '0'),
(1856, 'Mở My Computer => Control Panel => New => Folder, gõ tên thư mục và nhấn phím Enter', 465, '0'),
(1857, 'Kích phải chuột tại đối tượng cần tạo shortcut, chọn Sent to => chọn Desktop (create shortcut)', 466, '0'),
(1858, 'Nhấn giữ nút chuột phải tại đối tượng cần tạo shortcut, kéo thả ra ngoài màn hình nền, khi bảng chọn tắt xuất hiện, chọn Create shortcuts here', 466, '0'),
(1859, 'Nhấn giữ nút chuột phải tại đối tượng cần tạo shortcut, kéo thả ra ngoài màn hình nền, khi bảng chọn tắt xuất hiện, chọn Create shortcuts here', 466, '0'),
(1860, 'Các cách trên đều đúng', 466, '1'),
(1861, 'Internet Explorer', 467, '0'),
(1862, 'My Computer', 467, '1'),
(1863, 'Microsoft Word', 467, '0'),
(1864, 'Microsoft Excel', 467, '0'),
(1865, 'Ctrl + C', 468, '0'),
(1866, 'Alt + A', 468, '0'),
(1867, 'Ctrl + A', 468, '1'),
(1868, 'Ctrl + V', 468, '0'),
(1869, 'Kích chuột phải vào thư mục => Properties => General => Read-only', 469, '0'),
(1870, 'Kích chuột phải vào thư mục => Properties => General => Modify', 469, '0'),
(1871, 'Kích chuột phải vào thư mục => Properties => General => Hidden', 469, '1'),
(1872, 'Kích chuột phải vào thư mục => Properties => General => Write', 469, '0'),
(1873, 'Kích chuột phải vào chỗ trống trong cửa sổ thư mục hiện hành => Group by => Name', 470, '1'),
(1874, 'Kích chuột phải vào chỗ trống trong cửa sổ thư mục hiện hành => Group by => Date Modified', 470, '0'),
(1875, 'Kích chuột phải vào chỗ trống trong cửa sổ thư mục hiện hành => Group by => Date Modified', 470, '0'),
(1876, 'Kích chuột phải vào chỗ trống trong cửa sổ thư mục hiện hành => Group by => Date Modified', 470, '0'),
(1877, 'Kích chuột vào đối tượng đó và ấn phím F1', 471, '0'),
(1878, 'Kích chuột vào đối tượng đó và ấn phím F2', 471, '1'),
(1879, 'Kích chuột vào đối tượng đó và ấn phím F12', 471, '0'),
(1880, 'Tất cả đều sai', 471, '0'),
(1881, 'Có thể tạo biểu tượng shortcut cho đối tượng tập tin hoặc thư mục ngoài giao diện hình nền', 472, '0'),
(1882, 'Thư mục có thể chứa tập tin hoặc thư mục con bên trong', 472, '0'),
(1883, 'My Computer là trình quản lý giao diện hình nền', 472, '1'),
(1884, 'Control Panel là trình quản lý hệ thống của hệ điều hành', 472, '0'),
(1885, 'Thiết lập tường lửa cho hệ điều hành', 473, '0'),
(1886, 'Cài đặt chương trình và ứng dụng', 473, '0'),
(1887, 'Cập nhật các bản vá lỗi và phiên bản hệ điều hành', 473, '1'),
(1888, 'Hiển thị thông tin về hệ điều hành', 473, '0'),
(1889, 'My Network Places', 474, '1'),
(1890, 'My Network', 474, '0'),
(1891, 'My Computer', 474, '0'),
(1892, 'My Documents', 474, '0'),
(1893, 'Nhắp vào biểu tượng Maximize', 475, '1'),
(1894, 'Nhắp vào biểu tượng Restore Down', 475, '0'),
(1895, 'Nhắp đúp vào thanh tiêu đề (Title Bar) khi cửa sổ đang thu vừa', 475, '1'),
(1896, 'Cả hai cách A và C đều được', 475, '1'),
(1897, 'Nhấn tổ hợp phím Ctrl - Alt - Del, chọn mục Restart', 476, '0'),
(1898, 'Từ cửa sổ màn hình nền nhấn nút Start - Shutdown, sau đó chọn mục Restart', 476, '0'),
(1899, 'Bấm nút Power trên hộp máy', 476, '0'),
(1900, 'Bấm nút Reset trên hộp máy', 476, '1'),
(1901, 'Không có ánh sáng chiếu vào', 477, '0'),
(1902, 'Không đối diện với cửa ra vào, cửa sổ, bóng đèn', 477, '1'),
(1903, 'Đối diện với cửa ra vào, cửa sổ, bóng đèn', 477, '0'),
(1904, 'Tất cả đều sai', 477, '0'),
(1905, 'Khởi động máy tính', 478, '0'),
(1906, 'Khởi động lại máy tính', 478, '1'),
(1907, 'Nạp HĐH', 478, '0'),
(1908, 'Tắt máy tính', 478, '0');

--
-- Triggers `answer`
--
DELIMITER $$
CREATE TRIGGER `answer_AFTER_INSERT` AFTER INSERT ON `answer` FOR EACH ROW BEGIN
	update question set updated_at = now() where question.id = NEW.id_question;
END
$$
DELIMITER ;
DELIMITER $$
CREATE TRIGGER `answer_AFTER_UPDATE` AFTER UPDATE ON `answer` FOR EACH ROW BEGIN
update question set updated_at = now() where question.id = NEW.id_question;
END
$$
DELIMITER ;
DELIMITER $$
CREATE TRIGGER `answer_BEFORE_DELETE` BEFORE DELETE ON `answer` FOR EACH ROW BEGIN
update question set updated_at = now() where question.id = OLD.id_question;
END
$$
DELIMITER ;

-- --------------------------------------------------------

--
-- Table structure for table `question`
--

CREATE TABLE `question` (
  `id` int(11) NOT NULL,
  `question` varchar(255) CHARACTER SET utf8 COLLATE utf8_general_ci NOT NULL,
  `id_source` int(11) NOT NULL,
  `status` int(11) NOT NULL DEFAULT 1,
  `id_user` int(11) DEFAULT NULL,
  `updated_at` datetime DEFAULT NULL
) ENGINE=InnoDB DEFAULT CHARSET=utf8mb4 COLLATE=utf8mb4_general_ci;

--
-- Dumping data for table `question`
--

INSERT INTO `question` (`id`, `question`, `id_source`, `status`, `id_user`, `updated_at`) VALUES
(1, 'Hệ điều hành (OS) là gì?', 1, 1, 1, '2024-11-24 08:52:41'),
(2, 'Tác vụ nào sau đây không phải chức năng của hệ điều hành?', 1, 1, 3, '2024-11-22 20:54:52'),
(3, 'RAM là viết tắt của từ nào?', 1, 1, 3, '2024-11-22 20:54:52'),
(4, 'Thiết bị nào sau đây được coi là bộ nhớ ngoài?', 1, 1, 3, '2024-11-22 20:54:52'),
(5, 'Bit là gì?', 1, 1, 3, '2024-11-22 20:54:52'),
(6, 'Ngôn ngữ lập trình nào sau đây thuộc loại ngôn ngữ bậc cao?', 1, 1, 3, '2024-11-22 20:54:52'),
(7, 'Thiết bị nào dùng để nhập dữ liệu vào máy tính?', 1, 1, 3, '2024-11-22 20:54:52'),
(8, 'HTML là viết tắt của?', 1, 1, 3, '2024-11-22 20:54:52'),
(9, 'Nguyên lý Von Neumann không bao gồm yếu tố nào sau đây?', 1, 1, 3, '2024-11-22 20:54:52'),
(10, 'Phần mềm nào sau đây là phần mềm nguồn mở?', 1, 1, 3, '2024-11-22 20:54:52'),
(11, 'Phần nào trong máy tính chịu trách nhiệm thực hiện các phép toán và điều khiển các thành phần khác?', 1, 1, 3, '2024-11-22 20:54:52'),
(12, 'Đơn vị đo nào sau đây lớn nhất?', 1, 1, 3, '2024-11-22 20:54:52'),
(13, 'Giao thức nào được sử dụng để truyền dữ liệu trên World Wide Web?', 1, 1, 3, '2024-11-22 20:54:52'),
(14, 'Phím tắt nào để sao chép văn bản trong Windows?', 1, 1, 3, '2024-11-22 20:54:52'),
(15, 'Loại bộ nhớ nào sẽ mất dữ liệu khi mất điện?', 1, 1, 3, '2024-11-22 20:54:52'),
(16, 'Phần mềm nào sau đây là phần mềm ứng dụng?', 1, 1, 3, '2024-11-22 20:54:52'),
(17, 'Giao thức nào sau đây được sử dụng để gửi email?', 1, 1, 3, '2024-11-22 20:54:52'),
(18, 'Hệ điều hành nào sau đây không phải là hệ điều hành mã nguồn mở?', 1, 1, 3, '2024-11-22 20:54:52'),
(19, 'Thiết bị nào sau đây được coi là thiết bị đầu vào của máy tính?', 1, 1, 3, '2024-11-22 20:54:52'),
(20, 'Ngôn ngữ lập trình nào được sử dụng để phát triển web?', 1, 1, 3, '2024-11-22 20:54:52'),
(21, 'Hệ điều hành nào không phải là mã nguồn mở?', 1, 1, 3, '2024-11-22 20:54:52'),
(22, 'Định dạng file nào thường được sử dụng để lưu trữ văn bản?', 1, 1, 3, '2024-11-22 20:54:52'),
(23, 'Phần mềm nào dưới đây là trình duyệt web?', 1, 1, 3, '2024-11-22 20:54:52'),
(24, 'Công nghệ nào cho phép truyền dữ liệu không dây?', 1, 1, 3, '2024-11-22 20:54:52'),
(25, 'Hệ điều hành nào được phát triển bởi Apple?', 1, 1, 3, '2024-11-22 20:54:52'),
(26, 'Công nghệ nào được sử dụng để mã hóa dữ liệu?', 1, 1, 3, '2024-11-22 20:54:52'),
(27, 'Ngôn ngữ lập trình nào được sử dụng để phát triển ứng dụng Android?', 1, 1, 3, '2024-11-22 20:54:52'),
(28, 'Phần mềm nào dùng để quản lý cơ sở dữ liệu?', 1, 1, 3, '2024-11-22 20:54:52'),
(29, 'Đâu là một loại virus máy tính?', 1, 1, 3, '2024-11-22 20:54:52'),
(30, 'Máy tính nào là máy tính cá nhân?', 1, 1, 3, '2024-11-22 20:54:52'),
(31, 'Phần mềm nào không phải là ứng dụng văn phòng?', 1, 1, 3, '2024-11-22 20:54:52'),
(32, 'Từ viết tắt của CPU có nghĩa là gì?', 1, 1, 3, '2024-11-22 20:54:52'),
(33, 'Mạng máy tính nào có thể kết nối toàn cầu?', 1, 1, 3, '2024-11-22 20:54:52'),
(34, 'Định dạng file nào được sử dụng chủ yếu để lưu trữ video?', 1, 1, 3, '2024-11-22 20:54:52'),
(35, 'Phần mềm nào được sử dụng để tạo slideshow?', 1, 1, 3, '2024-11-22 20:54:52'),
(36, 'Nguyên tắc nào được sử dụng để bảo vệ dữ liệu?', 1, 1, 3, '2024-11-22 20:54:52'),
(37, 'Đâu là một ví dụ về mạng LAN?', 1, 1, 3, '2024-11-22 20:54:52'),
(38, 'Phần mềm nào dùng để phát triển ứng dụng di động?', 1, 1, 3, '2024-11-22 20:54:52'),
(39, 'Phần mềm nào thường được sử dụng để chỉnh sửa hình ảnh?', 1, 1, 3, '2024-11-22 20:54:52'),
(40, 'Công nghệ nào cho phép truy cập Internet nhanh hơn?', 1, 1, 3, '2024-11-22 20:54:52'),
(41, 'Đâu là một nền tảng mạng xã hội?', 1, 1, 3, '2024-11-22 20:54:52'),
(42, 'Hệ điều hành nào được sử dụng phổ biến nhất trên máy tính?', 1, 1, 3, '2024-11-22 20:54:52'),
(43, 'Phần mềm nào không phải là ứng dụng văn phòng?', 1, 1, 3, '2024-11-22 20:54:52'),
(44, 'Ngôn ngữ lập trình nào được sử dụng để phát triển ứng dụng web phía máy chủ?', 1, 1, 3, '2024-11-22 20:54:52'),
(45, 'Đâu là một phương thức lưu trữ đám mây?', 1, 1, 3, '2024-11-22 20:54:52'),
(46, 'Định dạng file nào thường được sử dụng để lưu trữ dữ liệu trong bảng tính?', 1, 1, 3, '2024-11-22 20:54:52'),
(47, 'Phần mềm nào giúp bảo vệ máy tính khỏi virus?', 1, 1, 3, '2024-11-22 20:54:52'),
(48, 'Công nghệ nào cho phép truyền dữ liệu qua sóng radio?', 1, 1, 3, '2024-11-22 20:54:52'),
(49, 'Đâu là một loại tấn công mạng phổ biến?', 1, 1, 3, '2024-11-22 20:54:52'),
(50, 'Phần mềm nào dùng để tạo và chỉnh sửa video?', 1, 1, 3, '2024-11-22 20:54:52'),
(51, 'Phần mềm nào là trình duyệt web nổi tiếng nhất?', 1, 1, 3, '2024-11-22 20:54:52'),
(52, 'Ngôn ngữ lập trình nào được sử dụng để phát triển ứng dụng iOS?', 1, 1, 3, '2024-11-22 20:54:52'),
(53, 'Phần mềm nào dưới đây không phải là công cụ lập trình?', 1, 1, 3, '2024-11-22 20:54:52'),
(54, 'Định dạng file nào được sử dụng để lưu trữ hình ảnh?', 1, 1, 3, '2024-11-22 20:54:52'),
(55, 'Phần mềm nào dùng để tạo biểu đồ?', 1, 1, 3, '2024-11-22 20:54:52'),
(56, 'Đâu là một loại hình thức tấn công mạng?', 1, 1, 3, '2024-11-22 20:54:52'),
(57, 'Công nghệ nào cho phép truyền tải dữ liệu qua kết nối quang?', 1, 1, 3, '2024-11-22 20:54:52'),
(58, 'Ngôn ngữ lập trình nào được sử dụng để phát triển trò chơi?', 1, 1, 3, '2024-11-22 20:54:52'),
(59, 'Phần mềm nào giúp quản lý email?', 1, 1, 3, '2024-11-22 20:54:52'),
(60, 'Đâu là một loại máy tính siêu mạnh?', 1, 1, 3, '2024-11-22 20:54:52'),
(61, 'Nguyên tắc nào cần thiết để bảo mật thông tin?', 1, 1, 3, '2024-11-22 20:54:52'),
(62, 'Đâu là một ví dụ về phần mềm chat?', 1, 1, 3, '2024-11-22 20:54:52'),
(63, 'Công nghệ nào cho phép các thiết bị kết nối mà không cần dây?', 1, 1, 3, '2024-11-22 20:54:52'),
(64, 'Phần mềm nào được sử dụng để quản lý dự án?', 1, 1, 3, '2024-11-22 20:54:52'),
(65, 'Định dạng file nào thường được sử dụng để lưu trữ tài liệu?', 1, 1, 3, '2024-11-22 20:54:52'),
(66, 'Phần mềm nào dùng để phát triển ứng dụng trên nền tảng iOS?', 1, 1, 3, '2024-11-22 20:54:52'),
(67, 'Công nghệ nào cho phép người dùng truy cập dịch vụ qua Internet?', 1, 1, 3, '2024-11-22 20:54:52'),
(68, 'Phần mềm nào thường được sử dụng để đọc file PDF?', 1, 1, 3, '2024-11-22 20:54:52'),
(69, 'Đơn vị lưu trữ nào nhỏ hơn 1GB?', 1, 1, 3, '2024-11-22 20:54:52'),
(70, 'Ngôn ngữ lập trình nào được sử dụng phổ biến nhất cho phát triển web?', 1, 1, 3, '2024-11-22 20:54:52'),
(71, 'Hệ điều hành nào sau đây không phải là hệ điều hành di động?', 1, 1, 3, '2024-11-22 20:54:52'),
(72, 'Phần mềm nào sau đây dùng để chỉnh sửa ảnh?', 1, 1, 3, '2024-11-22 20:54:52'),
(73, 'Đâu là định dạng tệp tin hình ảnh phổ biến?', 1, 1, 3, '2024-11-22 20:54:52'),
(74, 'Nguyên tắc hoạt động của máy tính là gì?', 1, 1, 3, '2024-11-22 20:54:52'),
(75, 'Phần mềm nào được sử dụng để tạo bảng tính?', 1, 1, 3, '2024-11-22 20:54:52'),
(76, 'Cơ sở dữ liệu được tổ chức dưới dạng nào?', 1, 1, 3, '2024-11-22 20:54:52'),
(77, 'Phần mềm nào sau đây không phải là phần mềm diệt virus?', 1, 1, 3, '2024-11-22 20:54:52'),
(78, 'Đâu là ngôn ngữ lập trình phổ biến nhất hiện nay?', 1, 1, 3, '2024-11-22 20:54:52'),
(79, 'Định nghĩa nào sau đây đúng về mạng LAN?', 1, 1, 3, '2024-11-22 20:54:52'),
(80, 'HTML là viết tắt của gì?', 1, 1, 3, '2024-11-22 20:54:52'),
(81, 'Phần mềm nào dùng để tạo và chỉnh sửa tài liệu văn bản?', 2, 1, 3, '2024-11-22 20:54:52'),
(82, 'Đâu là giao thức mạng thường được sử dụng để gửi email?', 2, 1, 3, '2024-11-22 20:54:52'),
(83, 'Phần mở rộng tệp tin nào thường dùng cho tệp văn bản?', 2, 1, 3, '2024-11-22 20:54:52'),
(84, 'File nào sau đây là file thực thi trên Windows?', 2, 1, 3, '2024-11-22 20:54:52'),
(85, 'Phần mềm nào sau đây là phần mềm quản lý cơ sở dữ liệu?', 2, 1, 3, '2024-11-22 20:54:52'),
(86, 'Công cụ nào sau đây dùng để tìm kiếm thông tin trên internet?', 2, 1, 3, '2024-11-22 20:54:52'),
(87, 'Phần mềm nào sau đây được sử dụng để tạo website?', 2, 1, 3, '2024-11-22 20:54:52'),
(88, 'IPv4 có độ dài bao nhiêu bit?', 2, 1, 3, '2024-11-22 20:54:52'),
(89, 'Phần mềm nào được sử dụng để phát triển ứng dụng Android?', 2, 1, 3, '2024-11-22 20:54:52'),
(90, 'Công nghệ nào được sử dụng để lưu trữ dữ liệu trong cloud?', 2, 1, 3, '2024-11-22 20:54:52'),
(91, 'Phần mềm nào sau đây là trình duyệt web?', 2, 1, 3, '2024-11-22 20:54:52'),
(92, 'Mạng không dây thường sử dụng tần số nào?', 2, 1, 3, '2024-11-22 20:54:52'),
(93, 'Phần mềm nào được sử dụng để lập trình web?', 2, 1, 3, '2024-11-22 20:54:52'),
(94, 'Đâu là phần mềm quản lý dự án phổ biến?', 2, 1, 3, '2024-11-22 20:54:52'),
(95, 'Phần mềm nào dùng để ghi âm?', 2, 1, 3, '2024-11-22 20:54:52'),
(96, 'Đâu là định dạng tệp tin âm thanh phổ biến?', 2, 1, 3, '2024-11-22 20:54:52'),
(97, 'Phần mềm nào không phải là phần mềm đồ họa?', 2, 1, 3, '2024-11-22 20:54:52'),
(98, 'Công nghệ nào được sử dụng trong thiết kế website?', 2, 1, 3, '2024-11-22 20:54:52'),
(99, 'Virus máy tính thường được phân loại thành bao nhiêu loại cơ bản?', 2, 1, 3, '2024-11-22 20:54:52'),
(100, 'Đâu là phần mềm quản lý email?', 2, 1, 3, '2024-11-22 20:54:52'),
(101, 'Đơn vị đo tốc độ internet là gì?', 2, 1, 3, '2024-11-22 20:54:52'),
(102, 'Excel thuộc loại phần mềm nào?', 2, 1, 3, '2024-11-22 20:54:52'),
(103, 'Công nghệ nào được sử dụng để mã hóa dữ liệu?', 2, 1, 3, '2024-11-22 20:54:52'),
(104, 'Đâu là phần mềm lập trình phổ biến nhất?', 2, 1, 3, '2024-11-22 20:54:52'),
(105, 'Phần mềm nào sau đây là công cụ lập trình?', 2, 1, 3, '2024-11-22 20:54:52'),
(106, 'Phần mềm nào dùng để tạo video?', 2, 1, 3, '2024-11-22 20:54:52'),
(107, 'Mạng WAN là gì?', 2, 1, 3, '2024-11-22 20:54:52'),
(108, 'Phần mềm nào không phải là phần mềm văn phòng?', 2, 1, 3, '2024-11-22 20:54:52'),
(109, 'Lưu trữ đám mây là gì?', 2, 1, 3, '2024-11-22 20:54:52'),
(110, 'Phần mềm nào dùng để tạo slide trình bày?', 2, 1, 3, '2024-11-22 20:54:52'),
(111, 'Phần mềm nào không phải là phần mềm đồ họa vector?', 2, 1, 3, '2024-11-22 20:54:52'),
(112, 'Đâu là phần mềm tạo website miễn phí?', 2, 1, 3, '2024-11-22 20:54:52'),
(113, 'Đâu là phần mềm quản lý dự án miễn phí?', 2, 1, 3, '2024-11-22 20:54:52'),
(114, 'Phần mềm nào dùng để tạo video?', 2, 1, 3, '2024-11-22 20:54:52'),
(115, 'Byte bằng bao nhiêu Bit?', 2, 1, 3, '2024-11-22 20:54:52'),
(116, '1KB bằng bao nhiêu Byte?', 2, 1, 3, '2024-11-22 20:54:52'),
(117, 'Âm thanh đưa vào bài trình diễn', 2, 1, 3, '2024-11-22 20:54:52'),
(118, 'ARPANET ra đời vào năm nào?', 2, 1, 3, '2024-11-22 20:54:52'),
(119, 'Bạn đang ở cửa số My Computer, theo hình minh hoạ, phát biểu nào dưới đây là sai?', 2, 1, 3, '2024-11-22 20:54:52'),
(120, 'Mỗi trang tỉnh có bao nhiêu cột?', 2, 1, 3, '2024-11-22 20:54:52'),
(121, 'Mỗi trang tính có bao nhiêu hàng?', 2, 1, 3, '2024-11-22 20:54:52'),
(122, 'Bạn giữ phím nào khi muốn chọn nhiều đối tượng không liền kề?', 2, 1, 3, '2024-11-22 20:54:52'),
(123, 'Bạn giữ phím nào khi muốn chọn nhiều đối tượng liền kề?', 2, 1, 3, '2024-11-22 20:54:52'),
(124, 'Bạn nhấp nút nào trên thanh công cụ để làm mới một trang web?', 2, 1, 3, '2024-11-22 20:54:52'),
(125, 'Bạn nhấp nút nào trên thanh công cụ để tìm kiếm thông tin trên WWW?', 2, 1, 3, '2024-11-22 20:54:52'),
(126, 'Khi thực hiện thao tác chọn Insert -> Media -> Sound, người dùng sẽ:', 2, 1, 3, '2024-11-22 20:54:52'),
(127, 'Biểu thức =AND(5*4, 6<9, 2<1) cho giá trị là bao nhiêu?', 2, 1, 3, '2024-11-22 20:54:52'),
(128, 'Biểu thức =AVERAGE(4,6,7,8) trả lại kết quả là bao nhiêu?', 2, 1, 3, '2024-11-22 20:54:52'),
(129, 'Biểu thức =LEFT(\"HaNoi\") cho kết quả là gì?', 2, 1, 3, '2024-11-22 20:54:52'),
(130, 'Biểu thức =OR(5>4, 6<9, 2<1) cho giá trị là bao nhiêu?', 2, 1, 3, '2024-11-22 20:54:52'),
(131, 'Biểu thức =SUM(4,6,12,9,\"s\") trả lại kết quả là bao nhiêu?', 2, 1, 3, '2024-11-22 20:54:52'),
(132, 'Biểu thức =TODAY() cho kết quả là gì?', 2, 1, 3, '2024-11-22 20:54:52'),
(133, 'Khi soạn thảo trên phần mềm Word, nếu muốn mở một tệp thì chọn thẻ File sau đó chọn:', 2, 1, 3, '2024-11-22 20:54:52'),
(134, 'Biểu thức =LEN(\"Hanoi\") cho kết quả là bao nhiêu?', 2, 1, 3, '2024-11-22 20:54:52'),
(135, 'Biểu tượng Calculator có chức năng gì?', 2, 1, 3, '2024-11-22 20:54:52'),
(136, 'Để ẩn thanh công cụ trên màn hình PowerPoint, người dùng cần:', 2, 1, 3, '2024-11-22 20:54:52'),
(137, 'Nếu hòm thư của bạn có thư mang chủ đề \"Mail undeliverable\", thì thư này thông báo điều gì?', 2, 1, 3, '2024-11-22 20:54:52'),
(138, 'Nếu chọn 3 ô liên tiếp trên cùng một cột của bảng biểu, đưa chuột vào vùng ô đó, nhấn chuột phải và chọn Insert Rows Below, bạn đã:', 2, 1, 3, '2024-11-22 20:54:52'),
(139, 'Để chèn một hình ảnh có sẵn trong máy tính vào slide, bạn chọn:', 2, 1, 3, '2024-11-22 20:54:52'),
(140, 'Windows: Để tìm kiếm ứng dụng trong menu Start, bạn có thể:', 2, 1, 3, '2024-11-22 20:54:52'),
(141, 'Để chèn biểu đồ vào văn bản minh họa, bạn thực hiện thao tác nào sau đây?', 3, 1, 5, '2024-11-22 20:55:49'),
(142, 'Để in tất cả các trang trong văn bản, trước hết bạn chọn File, chọn Print, trong vùng Page Range chọn:', 3, 1, 5, '2024-11-22 20:55:49'),
(143, 'Biểu tượng Print Preview nằm ở đâu?', 3, 1, 5, '2024-11-22 20:55:49'),
(144, 'Trong Excel, muốn thay đổi kiểu hiển thị của bảng tính, ta cần sử dụng chức năng nào?', 3, 1, 5, '2024-11-22 20:55:49'),
(145, 'Khi bạn muốn sao chép dữ liệu từ một ô sang ô khác trong Excel, bạn có thể sử dụng tổ hợp phím nào?', 3, 1, 5, '2024-11-22 20:55:49'),
(146, 'Để thay đổi chiều rộng của cột trong Excel, bạn cần thực hiện thao tác nào?', 3, 1, 5, '2024-11-22 20:55:49'),
(147, 'Tính năng nào trong Excel giúp bạn nhanh chóng thêm một dòng mới vào bảng dữ liệu?', 3, 1, 5, '2024-11-22 20:55:49'),
(148, 'Để sử dụng tính năng \"Find and Replace\" trong Excel, bạn sẽ dùng tổ hợp phím nào?', 3, 1, 5, '2024-11-22 20:55:49'),
(149, 'Để tạo một đồ thị trong Excel, bạn cần chọn dữ liệu và sau đó vào tab nào?', 3, 1, 5, '2024-11-22 20:55:49'),
(150, 'Để mở một bảng tính Excel mới, bạn có thể sử dụng tổ hợp phím nào?', 3, 1, 5, '2024-11-22 20:55:49'),
(151, 'Để bảo vệ một bảng tính Excel không cho người khác sửa đổi, bạn cần sử dụng tính năng nào?', 3, 1, 5, '2024-11-22 20:55:49'),
(152, 'Nếu bạn muốn chèn một bảng tính mới vào trong Excel, bạn cần thực hiện thao tác nào?', 3, 1, 5, '2024-11-22 20:55:49'),
(153, 'Trong Excel, nếu bạn muốn thay đổi màu nền của một ô, bạn có thể vào tab nào?', 3, 1, 5, '2024-11-22 20:55:49'),
(154, 'Khi muốn sử dụng hàm IF trong Excel, bạn cần sử dụng cú pháp nào?', 3, 1, 5, '2024-11-22 20:55:49'),
(155, 'Để lọc dữ liệu trong Excel, bạn cần sử dụng tính năng nào?', 3, 1, 5, '2024-11-22 20:55:49'),
(156, 'Khi làm việc với nhiều sheet trong Excel, nếu bạn muốn di chuyển nhanh giữa các sheet, bạn có thể sử dụng thao tác nào?', 3, 1, 5, '2024-11-22 20:55:49'),
(157, 'Để xoá nội dung của một ô trong Excel nhưng giữ lại định dạng, bạn sẽ làm gì?', 3, 1, 5, '2024-11-22 20:55:49'),
(158, 'Để tính tổng các giá trị trong một dãy ô, bạn có thể sử dụng hàm nào?', 3, 1, 5, '2024-11-22 20:55:49'),
(159, 'Để thay đổi kiểu hiển thị ngày tháng trong Excel, bạn có thể sử dụng tính năng nào?', 3, 1, 5, '2024-11-22 20:55:49'),
(160, 'Khi bạn muốn ẩn một cột trong Excel, bạn cần thực hiện thao tác nào?', 3, 1, 5, '2024-11-22 20:55:49'),
(161, 'Để tìm kiếm thông tin trên một trang web, người dùng cần thực hiện thao tác nào?', 3, 1, 5, '2024-11-22 20:55:49'),
(162, 'Câu lệnh nào dưới đây dùng để xóa toàn bộ dữ liệu trong một ô Excel?', 3, 1, 5, '2024-11-22 20:55:49'),
(163, 'Trong Excel, để thay đổi cỡ chữ cho tất cả các ô trong một cột, người dùng cần:', 3, 1, 5, '2024-11-22 20:55:49'),
(164, 'Để thay đổi tiêu đề cột trong Excel, bạn cần làm gì?', 3, 1, 5, '2024-11-22 20:55:49'),
(165, 'Khi làm việc với PowerPoint, để thêm một hiệu ứng chuyển động cho đối tượng, người dùng cần chọn:', 3, 1, 5, '2024-11-22 20:55:49'),
(166, 'Để chèn một video vào slide trong PowerPoint, bạn chọn:', 3, 1, 5, '2024-11-22 20:55:49'),
(167, 'Trong Excel, để xóa một cột, bạn cần:', 3, 1, 5, '2024-11-22 20:55:49'),
(168, 'Để thay đổi định dạng ngày tháng trong Excel, bạn chọn:', 3, 1, 5, '2024-11-22 20:55:49'),
(169, 'Để tạo một bảng trong PowerPoint, bạn chọn:', 3, 1, 5, '2024-11-22 20:55:49'),
(170, 'Trong Excel, hàm nào dưới đây dùng để tính tổng một dãy ô?', 3, 1, 5, '2024-11-22 20:55:49'),
(171, 'Để chèn một biểu đồ vào trong PowerPoint, bạn chọn:', 4, 1, 4, '2024-11-22 20:56:04'),
(172, 'Trong Excel, để thay đổi màu nền của một ô, bạn có thể sử dụng:', 4, 1, 4, '2024-11-22 20:56:04'),
(173, 'Khi bạn muốn chèn một hình ảnh từ file vào PowerPoint, bạn cần:', 4, 1, 4, '2024-11-22 20:56:04'),
(174, 'Để thay đổi kích thước của một đối tượng trong PowerPoint, bạn:', 4, 1, 4, '2024-11-22 20:56:04'),
(175, 'Khi bạn muốn thay đổi font chữ cho toàn bộ văn bản trong một slide PowerPoint, bạn cần:', 4, 1, 4, '2024-11-22 20:56:04'),
(176, 'Để chèn một bảng trong Excel, bạn cần:', 4, 1, 4, '2024-11-22 20:56:04'),
(177, 'Trong Excel, để sao chép một ô và dán nó vào một ô khác, bạn cần:', 4, 1, 4, '2024-11-22 20:56:04'),
(178, 'Để tạo một bảng điều khiển với các tùy chọn lọc trong Excel, bạn cần:', 4, 1, 4, '2024-11-22 20:56:04'),
(179, 'Để chèn một hình vẽ hoặc đường thẳng trong PowerPoint, bạn cần:', 4, 1, 4, '2024-11-22 20:56:04'),
(180, 'Để chuyển đổi dữ liệu trong Excel thành một bảng động, bạn sử dụng:', 4, 1, 4, '2024-11-22 20:56:04'),
(181, 'Để tạo một công thức tính tổng trong Excel, bạn sử dụng:', 4, 1, 4, '2024-11-22 20:56:04'),
(182, 'Trong PowerPoint, để thay đổi hiệu ứng chuyển tiếp giữa các slide, bạn cần:', 4, 1, 4, '2024-11-22 20:56:04'),
(183, 'Để sắp xếp một bảng trong Excel theo thứ tự tăng dần hoặc giảm dần, bạn sử dụng:', 4, 1, 4, '2024-11-22 20:56:04'),
(184, 'Để thay đổi định dạng số thành tỷ lệ phần trăm trong Excel, bạn cần:', 4, 1, 4, '2024-11-22 20:56:04'),
(185, 'Trong PowerPoint, để thêm một tiêu đề vào slide, bạn có thể sử dụng:', 4, 1, 4, '2024-11-22 20:56:04'),
(186, 'Để thay đổi màu sắc của văn bản trong Excel, bạn cần:', 4, 1, 4, '2024-11-22 20:56:04'),
(187, 'Để tạo một biểu đồ cột trong Excel, bạn sử dụng:', 4, 1, 4, '2024-11-22 20:56:04'),
(188, 'Để sử dụng một công thức tìm giá trị lớn nhất trong một dãy số, bạn sử dụng hàm nào trong Excel?', 4, 1, 4, '2024-11-22 20:56:04'),
(189, 'Để chèn một video vào slide PowerPoint, bạn sử dụng:', 4, 1, 4, '2024-11-22 20:56:04'),
(190, 'Trong Excel, để tính tổng một dãy số, nhưng loại trừ các giá trị bằng không, bạn có thể sử dụng hàm nào?', 4, 1, 4, '2024-11-22 20:56:04'),
(191, 'Để thay đổi kích thước font chữ trong PowerPoint, bạn sử dụng:', 4, 1, 4, '2024-11-22 20:56:04'),
(192, 'Trong Excel, để lọc dữ liệu theo một điều kiện cụ thể, bạn sử dụng:', 4, 1, 4, '2024-11-22 20:56:04'),
(193, 'Để thay đổi màu nền của một slide trong PowerPoint, bạn cần:', 4, 1, 4, '2024-11-22 20:56:04'),
(194, 'Trong Excel, để thêm một hàng vào bảng, bạn có thể sử dụng:', 4, 1, 4, '2024-11-22 20:56:04'),
(195, 'Để tạo một bảng trong PowerPoint, bạn sử dụng:', 4, 1, 4, '2024-11-22 20:56:04'),
(196, 'Trong Excel, để sử dụng công thức tính giá trị trung bình của một dãy số, bạn sử dụng hàm nào?', 4, 1, 4, '2024-11-22 20:56:04'),
(197, 'Để thêm một hình ảnh vào slide PowerPoint, bạn sử dụng:', 4, 1, 4, '2024-11-22 20:56:04'),
(198, 'Để kiểm tra chính tả trong PowerPoint, bạn có thể sử dụng:', 4, 1, 4, '2024-11-22 20:56:04'),
(199, 'Trong Excel, để thay đổi định dạng ngày tháng, bạn sử dụng:', 4, 1, 4, '2024-11-22 20:56:04'),
(200, 'Để chèn một liên kết đến một trang web trong PowerPoint, bạn sử dụng:', 4, 1, 4, '2024-11-22 20:56:04'),
(201, 'Trong PowerPoint, để thêm một biểu đồ, bạn sử dụng:', 4, 1, 4, '2024-11-22 20:56:04'),
(202, 'Để áp dụng hiệu ứng chuyển tiếp cho một slide trong PowerPoint, bạn sử dụng:', 4, 1, 4, '2024-11-22 20:56:04'),
(203, 'Trong Excel, để tạo một bảng tính mới, bạn sử dụng:', 4, 1, 4, '2024-11-22 20:56:04'),
(204, 'Trong PowerPoint, để chèn một video, bạn sử dụng:', 4, 1, 4, '2024-11-22 20:56:04'),
(205, 'Để chia sẻ một bảng tính Excel với người khác, bạn có thể sử dụng:', 4, 1, 4, '2024-11-22 20:56:04'),
(206, 'Để xóa một hàng trong Excel, bạn có thể thực hiện:', 4, 1, 4, '2024-11-22 20:56:04'),
(207, 'Trong PowerPoint, để thay đổi kiểu chữ cho tất cả các slide, bạn sử dụng:', 4, 1, 4, '2024-11-22 20:56:04'),
(208, 'Trong Excel, để áp dụng định dạng có điều kiện, bạn cần sử dụng:', 4, 1, 4, '2024-11-22 20:56:04'),
(209, 'Để tạo một bảng trong Excel, bạn sử dụng:', 4, 1, 4, '2024-11-22 20:56:04'),
(210, 'Để sao chép một slide trong PowerPoint, bạn có thể thực hiện:', 4, 1, 4, '2024-11-22 20:56:04'),
(211, 'Để đổi tên một bảng tính trong Excel, bạn sử dụng:', 4, 1, 4, '2024-11-22 20:56:04'),
(212, 'Để tạo một đồ thị trong Excel, bạn cần chọn dữ liệu và sau đó:', 4, 1, 4, '2024-11-22 20:56:04'),
(213, 'Để thêm một tiêu đề vào đồ thị trong Excel, bạn sử dụng:', 4, 1, 4, '2024-11-22 20:56:04'),
(214, 'Trong PowerPoint, để thay đổi nền của một slide, bạn sử dụng:', 4, 1, 4, '2024-11-22 20:56:04'),
(215, 'Để tạo một hyperlink trong PowerPoint, bạn sử dụng:', 4, 1, 4, '2024-11-22 20:56:04'),
(216, 'Trong Excel, để chèn một ô mới vào bảng, bạn sử dụng:', 4, 1, 4, '2024-11-22 20:56:04'),
(217, 'Để kiểm tra chính tả trong PowerPoint, bạn sử dụng:', 4, 1, 4, '2024-11-22 20:56:04'),
(218, 'Để nhóm các đối tượng trong PowerPoint, bạn sử dụng:', 4, 1, 4, '2024-11-22 20:56:04'),
(219, 'Trong Excel, để thay đổi màu sắc của ô, bạn sử dụng:', 4, 1, 4, '2024-11-22 20:56:04'),
(220, 'Để chèn một biểu tượng trong PowerPoint, bạn sử dụng:', 4, 1, 4, '2024-11-22 20:56:04'),
(221, 'Để thay đổi độ rộng của cột trong Excel, bạn có thể:', 4, 1, 4, '2024-11-22 20:56:04'),
(222, 'Để thêm một dòng vào giữa các ô trong Excel, bạn sử dụng:', 4, 1, 4, '2024-11-22 20:56:04'),
(223, 'Để thay đổi kích thước font trong PowerPoint, bạn sử dụng:', 4, 1, 4, '2024-11-22 20:56:04'),
(224, 'Để chèn hình ảnh từ máy tính vào PowerPoint, bạn sử dụng:', 4, 1, 4, '2024-11-22 20:56:04'),
(225, 'Trong Excel, để hiển thị dấu thập phân, bạn sử dụng:', 4, 1, 4, '2024-11-22 20:56:04'),
(226, 'Để thêm một chú thích vào slide trong PowerPoint, bạn sử dụng:', 4, 1, 4, '2024-11-22 20:56:04'),
(227, 'Để định dạng số trong Excel thành kiểu tiền tệ, bạn sử dụng:', 4, 1, 4, '2024-11-22 20:56:04'),
(228, 'Để tạo một danh sách đánh dấu trong PowerPoint, bạn sử dụng:', 4, 1, 4, '2024-11-22 20:56:04'),
(229, 'Để thay đổi vị trí của một slide trong PowerPoint, bạn sử dụng:', 4, 1, 4, '2024-11-22 20:56:04'),
(230, 'Trong Excel, để tạo một công thức tính tổng, bạn sử dụng:', 4, 1, 4, '2024-11-22 20:56:04'),
(231, 'Để xóa một biểu đồ trong Excel, bạn thực hiện:', 4, 1, 4, '2024-11-22 20:56:04'),
(232, 'Để thay đổi font chữ trong PowerPoint, bạn sử dụng:', 4, 1, 4, '2024-11-22 20:56:04'),
(233, 'Để sắp xếp dữ liệu theo thứ tự tăng dần trong Excel, bạn sử dụng:', 4, 1, 4, '2024-11-22 20:56:04'),
(234, 'Để tạo một trang trình bày mới trong PowerPoint, bạn sử dụng:', 4, 1, 4, '2024-11-22 20:56:04'),
(235, 'Để áp dụng định dạng số cho ô trong Excel, bạn sử dụng:', 4, 1, 4, '2024-11-22 20:56:04'),
(236, 'Để chèn một bảng trong PowerPoint, bạn sử dụng:', 4, 1, 4, '2024-11-22 20:56:04'),
(237, 'Để tạo một biểu đồ đường trong Excel, bạn sử dụng:', 4, 1, 4, '2024-11-22 20:56:04'),
(238, 'Trong PowerPoint, để chỉnh sửa hiệu ứng chuyển tiếp của một slide, bạn sử dụng:', 4, 1, 4, '2024-11-22 20:56:04'),
(239, 'Để thay đổi chiều cao của hàng trong Excel, bạn sử dụng:', 4, 1, 4, '2024-11-22 20:56:04'),
(240, 'Để lưu một bảng tính Excel dưới định dạng khác, bạn sử dụng:', 4, 1, 4, '2024-11-22 20:56:04'),
(241, 'Để tạo một biểu đồ tròn trong Excel, bạn sử dụng:', 5, 1, 4, '2024-11-22 20:53:22'),
(242, 'Để áp dụng định dạng ngày trong Excel, bạn sử dụng:', 5, 1, 4, '2024-11-22 20:53:22'),
(243, 'Trong PowerPoint, để tạo một danh sách đánh số, bạn sử dụng:', 5, 1, 4, '2024-11-22 20:53:22'),
(244, 'Để tạo một bảng tính Excel từ một mẫu có sẵn, bạn sử dụng:', 5, 1, 4, '2024-11-22 20:53:22'),
(245, 'Để định dạng chữ in đậm trong PowerPoint, bạn sử dụng:', 5, 1, 4, '2024-11-22 20:53:22'),
(246, 'Để chèn biểu đồ cột trong PowerPoint, bạn sử dụng:', 5, 1, 4, '2024-11-22 20:53:22'),
(247, 'Để thay đổi độ phân giải của hình ảnh trong PowerPoint, bạn sử dụng:', 5, 1, 4, '2024-11-22 20:53:22'),
(248, 'Để sắp xếp các slide trong PowerPoint theo thứ tự, bạn sử dụng:', 5, 1, 4, '2024-11-22 20:53:22'),
(249, 'Để sử dụng tính năng AutoFill trong Excel, bạn kéo dấu chấm ở góc phải dưới của ô:', 5, 0, 1, '2024-11-24 15:39:16'),
(250, 'Để tạo một bảng tính mới trong Excel, bạn sử dụng:', 5, 1, 4, '2024-11-22 20:53:22'),
(251, 'Thiết bị nào sau đây dùng để kết nối mạng?', 5, 1, 4, '2024-11-22 20:53:22'),
(252, 'Hệ thống nhớ của máy tính bao gồm?', 5, 1, 4, '2024-11-22 20:53:22'),
(253, 'Trong mạng máy tính, thuật ngữ Share có ý nghĩa gì?', 5, 1, 4, '2024-11-22 20:53:22'),
(254, 'Bộ nhớ RAM và ROM là bộ nhớ gì?', 5, 1, 4, '2024-11-22 20:53:22'),
(255, 'Các thiết bị nào thông dụng nhất hiện nay dùng để cung cấp dữ liệu cho máy xử lý?', 5, 1, 4, '2024-11-22 20:53:22'),
(256, 'Khái niệm hệ điều hành là gì?', 5, 1, 4, '2024-11-22 20:53:22'),
(257, 'Danh sách các mục chọn trong thực đơn gọi là?', 5, 1, 4, '2024-11-22 20:53:22'),
(258, 'Công dụng của phím Print Screen là gì?', 5, 1, 4, '2024-11-22 20:53:22'),
(259, 'Nếu bạn muốn làm cho cửa sổ nhỏ hơn (không kín màn hình), bạn nên sử dụng nút nào?', 5, 1, 4, '2024-11-22 20:53:22'),
(260, 'Trong soạn thảo Word, công dụng của tổ hợp phím Ctrl – S là:', 5, 1, 4, '2024-11-22 20:53:22'),
(261, 'Trong soạn thảo Word, để chèn các kí tự đặc biệt vào văn bản, ta thực hiện:', 5, 1, 4, '2024-11-22 20:53:22'),
(262, 'Trong soạn thảo Word, để kết thúc 1 đoạn (Paragraph) và muốn sang 1 đoạn mới:', 5, 1, 4, '2024-11-22 20:53:22'),
(263, 'Trong soạn thảo Word, tổ hợp phím nào cho phép đưa con trỏ về cuối văn bản:', 5, 1, 4, '2024-11-22 20:53:22'),
(264, 'Trong soạn thảo Word, sử dụng phím nóng nào để chọn tất cả văn bản:', 5, 1, 4, '2024-11-22 20:53:22'),
(265, 'Trong soạn thảo Word, để chọn một đoạn văn bản ta thực hiện:', 5, 1, 4, '2024-11-22 20:53:22'),
(266, 'Trong soạn thảo Word, muốn đánh dấu lựa chọn một từ, ta thực hiện:', 5, 1, 4, '2024-11-22 20:53:22'),
(267, 'Trong soạn thảo Word, muốn tách một ô trong Table thành nhiều ô, ta thực hiện:', 5, 1, 4, '2024-11-22 20:53:22'),
(268, 'Phần mềm nào có thể soạn thảo văn bản với nội dung và định dạng như sau: “Công cha như núi Thái Sơn Nghĩa mẹ như nước trong nguồn chảy ra…”', 5, 1, 4, '2024-11-22 20:53:22'),
(269, 'Trong bảng tính Excel, giá trị trả về của công thức =LEN(\"TRUNG TAM TIN HOC\") là', 5, 1, 4, '2024-11-22 20:53:22'),
(270, 'Trong bảng tính Excel, cho các giá trị như sau: ô A4 = 4, ô A2 = 5, ô A3 = 6, ô A7 = 7 tại vị trí ô B2 lập công thức B2 = Sum(A4,A2,Count(A3,A4)) cho biết kết quả ô B2 sau khi Enter:', 5, 1, 4, '2024-11-22 20:53:22'),
(271, 'Trong bảng tính Excel, ô A1 chứa nội dung “TTTH ĐHKHTN”. Khi thực hiện công thức =LEN(A1) thì giá trị trả về kết quả:', 5, 1, 4, '2024-11-22 20:53:22'),
(272, 'Trong bảng tính Excel, ô A1 chứa giá trị 7.5. Ta lập công thức tại ô B1 có nội dung như sau =IF(A1>=5, “Trung Bình”, IF(A1>=7, “Khá”, IF(A1>=8, “Giỏi”, “Xuất sắc”))) khi đó kết quả nhận được là:', 5, 1, 4, '2024-11-22 20:53:22'),
(273, 'Trong bảng tính Excel, hàm nào dùng để tìm kiếm:', 5, 1, 4, '2024-11-22 20:53:22'),
(274, 'Trong bảng tính Excel, để lưu tập tin đang mở dưới một tên khác, ta chọn:', 5, 1, 4, '2024-11-22 20:53:22'),
(275, 'Trong bảng tính Excel, hàm Today() trả về:', 5, 1, 4, '2024-11-22 20:53:22'),
(276, 'Trong bảng tính Excel, các dạng địa chỉ sau đây, địa chỉ nào là địa chỉ tuyệt đối:', 5, 1, 4, '2024-11-22 20:53:22'),
(277, 'Trong bảng tính Excel, ô C2 chứa hạng của học sinh. Công thức nào tính học bổng theo điều kiện: Nếu xếp hạng từ hạng một đến hạng ba thì được học bổng là 200000, còn lại thì để trống:', 5, 1, 4, '2024-11-22 20:53:22'),
(278, 'Trong bảng tính Excel, tại ô A2 có giá trị số 25; tại ô B2 gõ vào công thức =SQRT(A2) thì nhận được kết quả:', 5, 1, 4, '2024-11-22 20:53:22'),
(279, 'Trong PowerPoint để tạo mới 1 Slide ta sử dụng:', 5, 1, 4, '2024-11-22 20:53:22'),
(280, 'Trong PowerPoint muốn đánh dấu 1 slide để loại bỏ không sử dụng trong phần trình chiếu ta thực hiện:', 5, 1, 4, '2024-11-22 20:53:22'),
(281, 'Khi trình chiếu PowerPoint, muốn di chuyển slide, bạn phải bấm vào:', 5, 1, 4, '2024-11-22 20:53:22'),
(282, 'Trong PowerPoint, muốn thay đổi font chữ, bạn dùng menu nào?', 6, 1, 1, '2024-11-22 20:52:36'),
(283, 'Trong PowerPoint, khi cần làm nổi bật đoạn văn bản bạn sẽ sử dụng hiệu ứng gì?', 6, 1, 1, '2024-11-22 20:52:36'),
(284, 'Trong PowerPoint, bạn muốn thực hiện hiệu ứng chuyển động, bạn phải thực hiện thao tác nào?', 6, 1, 1, '2024-11-22 20:52:36'),
(285, 'Trong PowerPoint, bạn muốn thêm tiêu đề cho slide, chọn:', 6, 1, 1, '2024-11-22 20:52:36'),
(286, 'Trong PowerPoint, muốn thêm hình ảnh vào slide, bạn làm như thế nào?', 6, 1, 1, '2024-11-22 20:52:36'),
(287, 'Để thay đổi màu nền của slide trong PowerPoint, bạn sử dụng công cụ nào?', 6, 1, 1, '2024-11-22 20:52:36'),
(288, 'Trong PowerPoint, để thay đổi hiệu ứng chuyển tiếp giữa các slide, ta sử dụng:', 6, 1, 1, '2024-11-22 20:52:36'),
(289, 'Trong PowerPoint, khi muốn thêm một bảng biểu, bạn thực hiện thao tác:', 6, 1, 1, '2024-11-22 20:52:36'),
(290, 'Để làm nổi bật đoạn văn bản trong PowerPoint, bạn sử dụng công cụ nào?', 6, 1, 1, '2024-11-22 20:52:36'),
(291, 'Trong PowerPoint, để chèn một video vào slide, bạn chọn:', 6, 1, 1, '2024-11-22 20:52:36'),
(292, 'Trong PowerPoint, nếu bạn muốn chèn một biểu đồ vào slide, bạn chọn:', 6, 1, 1, '2024-11-22 20:52:36'),
(293, 'Trong PowerPoint, muốn lưu trình chiếu dưới dạng bài thuyết trình video, bạn sử dụng công cụ nào?', 6, 1, 1, '2024-11-22 20:52:36'),
(294, 'Khi thực hiện chèn hình ảnh vào PowerPoint, hình ảnh có thể ở các định dạng nào?', 6, 1, 1, '2024-11-22 20:52:36'),
(295, 'Trong Excel, khi áp dụng công thức cho 1 ô, các ô còn lại trong cùng một cột hoặc dòng sẽ tự động thay đổi theo công thức, đây là chức năng gì?', 6, 1, 1, '2024-11-22 20:52:36'),
(296, 'Để thay đổi mẫu bố cục trình bày hòm thư, các bước thực hiện lần lượt như sau:', 6, 1, 1, '2024-11-22 20:52:36'),
(297, 'Khi một dòng chủ đề trong thư ta nhận được bắt đầu bằng chữ RE: thì thông thường thư là:', 6, 1, 1, '2024-11-22 20:52:36'),
(298, 'Website Yahoo.com hoặc Gmail.com cho phép người sử dụng thực hiện:', 6, 1, 1, '2024-11-22 20:52:36'),
(299, 'Chức năng Bookmark của trình duyệt web dùng để:', 6, 1, 1, '2024-11-22 20:52:36'),
(300, 'Nếu không kết nối được mạng, bạn vẫn có thể thực hiện được hoạt động nào sau đây:', 6, 1, 1, '2024-11-22 20:52:36'),
(301, 'Khi muốn tìm kiếm thông tin trên mạng Internet, chúng ta cần:', 6, 1, 1, '2024-11-22 20:52:36'),
(302, 'Bộ nhớ truy nhập trực tiếp RAM được viết tắt từ, bạn sử dụng lựa chọn nào?', 6, 1, 1, '2024-11-22 20:52:36'),
(303, 'Khả năng xử lý của máy tính phụ thuộc vào … bạn sử dụng lựa chọn nào?', 6, 1, 1, '2024-11-22 20:52:36'),
(304, 'Máy tính là gì?', 6, 1, 1, '2024-11-22 20:52:36'),
(305, 'Trình tự xử lý thông tin của máy tính điện tử:', 6, 1, 1, '2024-11-22 20:52:36'),
(306, 'Thiết bị xuất của máy tính gồm?', 6, 1, 1, '2024-11-22 20:52:36'),
(307, 'Trong ứng dụng Windows Explorer, để chọn nhiều tập tin hay thư mục không liên tục ta thực hiện thao tác kết hợp phím … với click chuột.', 6, 1, 1, '2024-11-22 20:52:36'),
(308, 'Phím tắt để sao chép một đối tượng vào ClipBoard là:', 6, 1, 1, '2024-11-22 20:52:36'),
(309, 'Hộp điều khiển việc phóng to, thu nhỏ, đóng cửa sổ gọi là:', 6, 1, 1, '2024-11-22 20:52:36'),
(310, 'Để đảm bảo an toàn dữ liệu ta chọn cách nào?', 6, 1, 1, '2024-11-22 20:52:36'),
(311, 'Trong hệ điều hành Windows chức năng Disk Defragment gọi là?', 6, 1, 1, '2024-11-22 20:52:36'),
(312, 'Trong soạn thảo Word, công dụng của tổ hợp phím Ctrl + O dùng để:', 6, 1, 1, '2024-11-22 20:52:36'),
(313, 'Khi làm việc với văn bản Word, để bật chế độ nhập ký tự Subscript khi tạo ký tự hóa học H2O, ta sử dụng chức năng nào?', 6, 1, 1, '2024-11-22 20:52:36'),
(314, 'Trong Word, biểu tượng cây chổi có chức năng gì?', 6, 1, 1, '2024-11-22 20:52:36'),
(315, 'Người đọc biết tập tin đang mở là phiên bản cuối cùng và chỉ cho phép đọc, bạn chọn?', 6, 1, 1, '2024-11-22 20:52:36'),
(316, 'Câu nào sau đây sai khi nhập dữ liệu vào bảng tính Excel thì:', 6, 1, 1, '2024-11-22 20:52:36'),
(317, 'Biểu thức sau = AND(5>4,6<9,2<1,10>7,OR(2<1,3>2))', 6, 1, 1, '2024-11-22 20:52:36'),
(318, 'Địa chỉ B$3 là địa chỉ:', 6, 1, 1, '2024-11-22 20:52:36'),
(319, 'Trong PowerPoint in ấn ta sử dụng chức năng:', 6, 1, 1, '2024-11-22 20:52:36'),
(320, 'Để tạo một slide chủ chứa các định dạng chung của toàn bộ các slide trong bài trình diễn, người dùng phải chọn:', 6, 1, 1, '2024-11-22 20:52:36'),
(321, 'Trong ứng dụng PowerPoint, chức năng hyperlink dùng để tạo liên kết:', 6, 1, 1, '2024-11-22 20:52:36'),
(322, 'Trong PowerPoint 2010, muốn chèn một đoạn nhạc vào Slide, ta dùng lệnh nào sau đây?', 6, 1, 1, '2024-11-22 20:52:36'),
(323, 'Tại một slide trong PowerPoint, ta dùng tổ hợp nào sau đây để xóa slide đó?', 6, 1, 1, '2024-11-22 20:52:36'),
(324, 'Trong PowerPoint, muốn thực hiện hiệu ứng động cho các đối tượng trên slide, ta dùng:', 6, 1, 1, '2024-11-22 20:52:36'),
(325, 'Windows: Kiến thức chung: Các thành phần: bộ nhớ chính, bộ xử lý trung ương, bộ phận nhập xuất, các loại hệ điều hành là: ', 6, 1, 1, '2024-11-22 20:52:36'),
(326, 'Windows: Trên hệ điều hành Windows, để chuyển đổi cửa sổ chương trình cần làm việc ta:', 6, 1, 1, '2024-11-22 20:52:36'),
(327, 'Windows: Trong các phần mềm sau, phần mềm nào là phần mềm ứng dụng?', 6, 1, 1, '2024-11-22 20:52:36'),
(328, 'Windows: Muốn khôi phục đối tượng đã xóa, ta mở cửa sổ Recycle Bin, chọn đối tượng muốn khôi phục và', 6, 1, 1, '2024-11-22 20:52:36'),
(329, 'Windows: Muốn đổi tên cho thư mục/tệp tin trong hệ điều hành Windows, ta chọn thư mục/tệp tin cần đổi tên và thực hiện thao tác nào sau đây?', 6, 1, 1, '2024-11-22 20:52:36'),
(330, 'Windows: Để xoá các tệp/thư mục đang chọn ta thực hiện cách nào?', 6, 1, 1, '2024-11-22 20:52:36'),
(331, 'Windows: Để dán các tệp/thư mục sau khi đã thực hiện lệnh copy, ta mở ổ đĩa, thư mục muốn chứa bản sao và:', 6, 1, 1, '2024-11-22 20:52:36'),
(332, 'Windows: Trong hệ điều hành Windows, muốn đóng (thoát) cửa sổ chương trình ứng dụng đang làm việc ta:', 6, 1, 1, '2024-11-22 20:52:36'),
(333, 'Windows: Để quản lý tệp, thư mục ta thường dùng chương trình nào sau đây?', 6, 1, 1, '2024-11-22 20:52:36'),
(334, 'Windows: Muốn thay đổi các thông số khu vực trong hệ điều hành Windows như múi giờ, đơn vị tiền tệ, cách viết số, ... ta sử dụng chương trình nào trong các chương trình sau?', 6, 1, 1, '2024-11-22 20:52:36'),
(335, 'Windows: Muốn chọn tất cả các đối tượng trong cửa sổ thư mục hiện tại, ta dùng phím (tổ hợp phím) nào sau đây?', 6, 1, 1, '2024-11-22 20:52:36'),
(336, 'Windows: Thiết bị nhập chuẩn của máy vi tính là', 6, 1, 1, '2024-11-22 20:52:36'),
(337, 'Windows: Để đóng cửa sổ ứng dụng ta chọn', 6, 1, 1, '2024-11-22 20:52:36'),
(338, 'Windows: Để phóng to cửa sồ ta chọn:', 6, 1, 1, '2024-11-22 20:52:36'),
(339, 'Windows: Để thu nhỏ cửa sồ ta chọn', 6, 1, 1, '2024-11-22 20:52:36'),
(340, 'Windows: Để chuyển qua lại giữa các cửa sổ ta chọn', 6, 1, 1, '2024-11-22 20:52:36'),
(341, 'Windows: Trong hệ điều hành Windows, muốn sắp xếp các biểu tượng trên màn hình desktop theo Kích cỡ thì:', 6, 1, 1, '2024-11-22 20:52:36'),
(342, 'Windows: Trong hệ điều hành Windows, muốn tạo một thư mục mới trên màn hình desktop thì:', 6, 1, 1, '2024-11-22 20:52:36'),
(343, 'Windows: Trong hệ điều hành Windows, để tạo biểu tượng đường tắt (shortcut) cho đối tượng lên màn hình Desktop thì bạn:', 6, 1, 1, '2024-11-22 20:52:36'),
(344, 'Windows: Để tìm kiếm tệp tin trong Windows, ta làm theo cách nào?', 6, 1, 1, '2024-11-22 20:52:36'),
(345, 'Windows: Để thay đổi hình nền của màn hình desktop, ta làm như thế nào?', 6, 1, 1, '2024-11-22 20:52:36'),
(346, 'Windows: Trong hệ điều hành Windows, muốn tắt một chương trình đang chạy, ta làm theo cách nào?', 6, 1, 1, '2024-11-22 20:52:36'),
(347, 'Windows: Khi sử dụng Windows Explorer để duyệt qua các tệp tin, muốn thay đổi chế độ xem (View) các tệp tin, ta có thể làm theo cách nào?', 6, 1, 1, '2024-11-22 20:52:36'),
(348, 'Windows: Để sao chép tệp tin từ một thư mục này sang thư mục khác trong Windows, ta có thể:', 6, 1, 1, '2024-11-22 20:52:36'),
(349, 'Windows: Trong hệ điều hành Windows, khi bạn muốn thay đổi tên tệp tin hoặc thư mục, bạn thực hiện theo cách nào?', 6, 1, 1, '2024-11-22 20:52:36'),
(350, 'Windows: Trong hệ điều hành Windows, tệp tin có phần mở rộng .exe là gì?', 6, 1, 1, '2024-11-22 20:52:36'),
(351, 'Windows: Để tắt máy tính trong Windows, ta có thể thực hiện cách nào?', 6, 1, 1, '2024-11-22 20:52:36'),
(352, 'Windows: Trong Windows, để truy cập nhanh vào các thư mục hay tệp tin yêu thích, ta có thể dùng tính năng nào?', 6, 1, 1, '2024-11-22 20:52:36'),
(353, 'Windows: Trong hệ điều hành Windows, muốn thay đổi cài đặt ngôn ngữ hệ thống, ta vào đâu?', 6, 1, 1, '2024-11-22 20:52:36'),
(354, 'Windows: Để truy cập vào Task Manager và quản lý các chương trình đang chạy, bạn nhấn tổ hợp phím nào?', 6, 1, 1, '2024-11-22 20:52:36'),
(355, 'Windows: Để sử dụng nhiều cửa sổ cùng lúc trên Windows, ta có thể làm theo cách nào?', 6, 1, 1, '2024-11-22 20:52:36'),
(356, 'Windows: Tính năng nào giúp bảo vệ máy tính khỏi các phần mềm độc hại trong Windows?', 6, 1, 1, '2024-11-22 20:52:36'),
(357, 'Windows: Để quản lý các bản cập nhật hệ điều hành trong Windows, bạn sử dụng công cụ nào?', 6, 1, 1, '2024-11-22 20:52:36'),
(358, 'Windows: Để mở công cụ tìm kiếm trong Windows, bạn sử dụng phím tắt nào?', 6, 1, 1, '2024-11-22 20:52:36'),
(359, 'Thiết bị nào sau đây dùng để kết nối mạng?', 7, 1, 2, '2024-11-22 20:43:44'),
(360, 'Hệ thống nhớ của máy tính bao gồm:', 7, 1, 2, '2024-11-22 20:43:44'),
(361, 'Trong mạng máy tính, thuật ngữ Share có ý nghĩa gì?', 7, 1, 2, '2024-11-22 20:43:44'),
(362, 'Bộ nhớ RAM và ROM là bộ nhớ gì?', 7, 1, 2, '2024-11-22 20:43:44'),
(363, 'Các thiết bị nào thông dụng nhất hiện nay dùng để cung cấp dữ liệu cho máy xử lý?', 7, 1, 2, '2024-11-22 20:43:44'),
(364, 'Khái niệm hệ điều hành là gì?', 7, 1, 2, '2024-11-22 20:43:44'),
(365, 'Danh sách các mục chọn trong thực đơn gọi là:', 7, 1, 2, '2024-11-22 20:43:44'),
(366, 'Công dụng của phím Print Screen là gì?', 7, 1, 2, '2024-11-22 20:43:44'),
(367, 'Nếu bạn muốn làm cho cửa sổ nhỏ hơn (không kín màn hình), bạn nên sử dụng nút nào?', 7, 1, 2, '2024-11-22 20:43:44'),
(368, 'Trong soạn thảo Word, công dụng của tổ hợp phím Ctrl – S là:', 7, 1, 2, '2024-11-22 20:43:44'),
(369, 'Trong soạn thảo Word, để chèn các kí tự đặc biệt vào văn bản, ta thực hiện:', 7, 1, 2, '2024-11-22 20:43:44'),
(370, 'Trong soạn thảo Word, để kết thúc 1 đoạn (Paragraph) và muốn sang 1 đoạn mới:', 7, 1, 2, '2024-11-22 20:43:44'),
(371, 'Trong soạn thảo Word, tổ hợp phím nào cho phép đưa con trỏ về cuối văn bản:', 7, 1, 2, '2024-11-22 20:43:44'),
(372, 'Trong soạn thảo Word, sử dụng phím nóng nào để chọn tất cả văn bản:', 7, 1, 2, '2024-11-22 20:43:44'),
(373, 'Trong soạn thảo Word, để chọn một đoạn văn bản ta thực hiện:', 7, 1, 2, '2024-11-22 20:43:44'),
(374, 'Trong soạn thảo Word, muốn đánh dấu lựa chọn một từ, ta thực hiện:', 7, 1, 2, '2024-11-22 20:43:44'),
(375, 'Trong soạn thảo Word, muốn tách một ô trong Table thành nhiều ô, ta thực hiện:', 7, 1, 2, '2024-11-22 20:43:44'),
(376, 'Phần mềm nào có thể soạn thảo văn bản với nội dung và định dạng như sau: \'Công cha như núi Thái Sơn...\'', 7, 1, 2, '2024-11-22 20:43:44'),
(377, 'Trong bảng tính Excel, giá trị trả về của công thức =LEN(\'TRUNG TAM TIN HOC\') là:', 7, 1, 2, '2024-11-22 20:43:44'),
(378, 'Trong bảng tính Excel, cho các giá trị: ô A4 = 4, A2 = 5, A3 = 6, A7 = 7. Tại ô B2 lập công thức B2 = Sum(A4,A2,Count(A3,A4)), kết quả là:', 7, 1, 2, '2024-11-22 20:43:44'),
(379, 'Trong bảng tính Excel, ô A1 chứa nội dung \'TTTH ĐHKHTN\'. Khi thực hiện công thức =LEN(A1) thì giá trị trả về kết quả:', 7, 1, 2, '2024-11-22 20:43:44'),
(380, 'Trong bảng tính Excel, ô A1 chứa giá trị 7.5. Ta lập công thức tại ô B1 có nội dung như sau =IF(A1>=5, \'Trung Bình\', IF(A1>=7, \'Khá\', IF(A1>=8, \'Giỏi\', \'Xuất sắc\'))) khi đó kết quả nhận được là:', 7, 1, 2, '2024-11-22 20:43:44'),
(381, 'Trong bảng tính Excel, hàm nào dùng để tìm kiếm:', 7, 1, 2, '2024-11-22 20:43:44'),
(382, 'Trong bảng tính Excel, để lưu tập tin đang mở dưới một tên khác, ta chọn:', 7, 1, 2, '2024-11-22 20:43:44'),
(383, 'Trong bảng tính Excel, hàm Today() trả về:', 7, 1, 2, '2024-11-22 20:43:44'),
(384, 'Trong bảng tính Excel, các dạng địa chỉ sau đây, địa chỉ nào là địa chỉ tuyệt đối:', 7, 1, 2, '2024-11-22 20:43:44'),
(385, 'Trong bảng tính Excel, Ô C2 chứa hạng của học sinh. Công thức nào tính học bổng theo điều kiện: Nếu xếp hạng từ hạng một đến hạng ba thì được học bổng là 200000, còn lại thì để trống:', 7, 1, 2, '2024-11-22 20:43:44'),
(386, 'Trong bảng tính Excel, tại ô A2 có giá trị số 25; Tại ô B2 gõ vào công thức =SQRT(A2) thì nhận được kết quả:', 7, 1, 2, '2024-11-22 20:43:44'),
(387, 'Trong PowerPoint để tạo mới 1 Slide ta sử dụng?', 7, 1, 2, '2024-11-22 20:43:44'),
(388, 'Trong PowerPoint muốn đánh số trang cho từng Slide ta dùng lệnh nào sau đây:', 7, 1, 2, '2024-11-22 20:43:44'),
(389, 'Khi thiết kế các Slide, sử dụng Home -> Slides -> New Slide có ý nghĩa gì?', 7, 1, 2, '2024-11-22 20:43:44'),
(390, 'Để tạo hiệu ứng cho 1 Slide, bạn sử dụng lựa chọn nào?', 7, 1, 2, '2024-11-22 20:43:44'),
(391, 'Khi thiết kế Slide với PowerPoint, muốn thay đổi mẫu nền thiết kế của Slide, ta thực hiện:', 7, 1, 2, '2024-11-22 20:43:44'),
(392, 'Chức năng công cụ nào sau đây trong nhóm dùng để xem trình chiếu slide đang hiển thị thiết kế (thanh công cụ zoom góc dưới bên phải của giao diện thiết kế):', 7, 1, 2, '2024-11-22 20:43:44'),
(393, 'Chức năng Animations/ Timing/ Delay dùng để:', 7, 1, 2, '2024-11-22 20:43:44'),
(394, 'Để vẽ đồ thị trong Slide ta chọn:', 7, 1, 2, '2024-11-22 20:43:44'),
(395, 'Để hủy bỏ thao tác vừa thực hiện ta nhấn tổ hợp phím:', 7, 1, 2, '2024-11-22 20:43:44'),
(396, 'Khi một dòng chủ đề trong thư ta nhận được bắt đầu bằng chữ RE:; thì thông thường thư là:', 7, 1, 2, '2024-11-22 20:43:44'),
(397, 'Website Yahoo.com hoặc gmail.com cho phép người sử dụng thực hiện:', 7, 1, 2, '2024-11-22 20:43:44'),
(398, 'Chức năng Bookmark của trình duyệt web dùng để:', 7, 1, 2, '2024-11-22 20:43:44'),
(399, 'Nếu không kết nối được mạng, bạn vẫn có thể thực hiện được hoạt động nào sau đây?', 7, 1, 2, '2024-11-22 20:43:44'),
(400, 'Khi muốn tìm kiếm thông tin trên mạng Internet, chúng ta cần', 7, 1, 2, '2024-11-22 20:43:44'),
(401, 'Bộ nhớ truy nhập trực tiếp RAM được viết tắt từ, bạn sử dụng lựa chọn nào?', 7, 1, 2, '2024-11-22 20:43:44'),
(402, 'Khả năng xử lý của máy tính phụ thuộc vào … bạn sử dụng lựa chọn nào?', 7, 1, 2, '2024-11-22 20:43:44'),
(403, 'Máy tính là gì?', 7, 1, 2, '2024-11-22 20:43:44'),
(404, 'Trình tự xử lý thông tin của máy tính điện tử', 7, 1, 2, '2024-11-22 20:43:44'),
(405, 'Thiết bị xuất của máy tính gồm?', 7, 1, 2, '2024-11-22 20:43:44'),
(406, 'Trong ứng dụng windows Explorer, để chọn nhiều tập tin hay thư mục không liên tục ta thực hiện thao tác kết hợp phím … với click chuột.', 7, 1, 2, '2024-11-22 20:43:44'),
(407, 'Phím tắt để sao chép một đối tượng vào ClipBoard là:', 7, 1, 2, '2024-11-22 20:43:44'),
(408, 'Hộp điều khiển việc phóng to, thu nhỏ, đóng cửa sổ gọi là:', 7, 1, 2, '2024-11-22 20:43:44'),
(409, 'Để đảm bảo an toàn dữ liệu ta chọn cách nào?', 7, 1, 2, '2024-11-22 20:43:44'),
(410, 'Trong hệ điều hành windows chức năng Disk Defragment gọi là?', 7, 1, 2, '2024-11-22 20:43:44'),
(411, 'Trong soạn thảo word, công dụng của tổ hợp phím Ctrl + O dùng để làm gì?', 7, 1, 2, '2024-11-22 20:43:44'),
(412, 'Khi làm việc với văn bản word, để bật chế độ nhập ký tự Subscript khi tạo ký tự hóa học H2O. Ta sử dụng chức năng nào: (Có thể chọn nhiều câu đúng).', 7, 1, 2, '2024-11-22 20:43:44'),
(413, 'Trong word, biểu tượng cây chổi có chức năng gì?', 7, 1, 2, '2024-11-22 20:43:44'),
(414, 'Người đọc biết tập tin đang mở là phiên bản cuối cùng và chỉ cho phép đọc, bạn chọn?', 7, 1, 2, '2024-11-22 20:43:44'),
(415, 'Câu nào sau đây sai khi nhập dữ liệu vào bảng tính Excel thì:', 7, 1, 2, '2024-11-22 20:43:44'),
(416, 'Biểu thức sau = AND(5>4,6<9,2<1,10>7,OR(2<1,3>2))', 7, 1, 2, '2024-11-22 20:43:44'),
(417, 'Địa chỉ B$3 là địa chỉ:', 7, 1, 2, '2024-11-22 20:43:44'),
(418, 'Trong powerpoint in ấn ta sử dụng chức năng', 7, 1, 2, '2024-11-22 20:43:44'),
(419, 'Để tạo một slide chủ chứa các định dạng chung của toàn bộ các slide trong bài trình diễn. Để thực hiện điều này người dùng phải chọn:', 7, 1, 2, '2024-11-22 20:43:44'),
(420, 'Trong ứng dụng PowerPoint chức năng hyperlink dùng để tạo liên kết', 7, 1, 2, '2024-11-22 20:43:44'),
(421, 'Trong PowerPoint 2010 muốn chèn một đoạn nhạc vào Slide, ta dùng lệnh nào sau đây?', 7, 1, 2, '2024-11-22 20:43:44'),
(422, 'Tại một slide trong powerpoint ta dùng tổ hợp nào sau đây để xóa slide đó?', 7, 1, 2, '2024-11-22 20:43:44'),
(423, 'Hai người chat với nhau qua mạng Yahoo Messenger trong cùng một phòng nét?', 7, 1, 2, '2024-11-22 20:43:44'),
(424, 'Tên miền trong địa chỉ website có .edu cho biết Website đó thuộc về?', 7, 1, 2, '2024-11-22 20:43:44'),
(425, 'Website là gì?', 7, 1, 2, '2024-11-22 20:43:44'),
(426, 'Phần mềm nào sau đây không phải trình duyệt WEB?', 7, 1, 2, '2024-11-22 20:43:44'),
(427, 'Dịch vụ lưu trữ đám mây của Microsoft là gì?', 7, 1, 2, '2024-11-22 20:43:44'),
(428, 'Windows: Muốn di chuyển một cửa sổ thì thao tác nào dưới đây là đúng:', 7, 1, 2, '2024-11-22 20:43:44'),
(429, 'Windows: Thiết lập hiển thị các folder có thuộc tính ẩn ở đâu?', 7, 1, 2, '2024-11-22 20:43:44'),
(430, 'Windows: Biểu tượng của các lối tắt (Shortcut) giúp bạn truy cập nhanh đến đối tượng nào dưới đây:', 7, 1, 2, '2024-11-22 20:43:44'),
(431, 'Windows: Thiết bị vừa là thiết bị xuất vừa là thiết bị nhập của máy tính', 7, 1, 2, '2024-11-22 20:43:44'),
(432, 'Windows: Muốn khôi phục lại đối tượng đã xóa trong Recycle Bin, ta chọn đối tượng rồi thực hiện:', 7, 1, 2, '2024-11-22 20:43:44'),
(433, 'Windows: Để thiết đặt lại hệ thống, ta chọn chức năng:', 7, 1, 2, '2024-11-22 20:43:44'),
(434, 'Windows: Chương trình dùng để quản lí các tệp và thư mục là', 7, 1, 2, '2024-11-22 20:43:44'),
(435, 'Windows: Chương trình nào như một máy tính bỏ túi tích hợp trong Windows', 7, 1, 2, '2024-11-22 20:43:44'),
(436, 'Windows: Chương trình nào như một máy tính bỏ túi tích hợp trong Windows', 7, 1, 2, '2024-11-22 20:43:44'),
(437, 'Windows: Muốn cài đặt máy in, ta thực hiện', 7, 1, 2, '2024-11-22 20:43:44'),
(438, 'Windows: Trong cửa sổ Explore, để chọn một lúc các file hoặc folder nằm không kề nhau trong một danh sách', 7, 1, 2, '2024-11-22 20:43:44'),
(439, 'Windows: Để thoát khỏi một chương trình trong ứng dụng của Windows, ta dùng tổ hợp phím', 7, 1, 2, '2024-11-22 20:43:44'),
(440, 'Windows: Kiến thức chung: Bộ nhớ RAM và ROM là bộ nhớ gì?', 7, 1, 2, '2024-11-22 20:43:44'),
(441, 'Windows: Windows Explorer có các thành phần: Explorer bar, Explorer view, Tool bar, menu bar. Còn lại là gì?', 7, 1, 2, '2024-11-22 20:43:44'),
(442, 'Windows: Chương trình cho phép định lại cấu hình hệ thống thay đổi môi trường làm việc cho phù hợp', 7, 1, 2, '2024-11-22 20:43:44'),
(443, 'Windows: Trong Windows, khi xoá file hoặc folder thì nó được lưu trong Recycle Bin, muốn xoá hẳn file hoặc folder ta bấm tổ hợp phím nào:', 7, 1, 2, '2024-11-22 20:43:44'),
(444, 'Windows: Trong hệ điều hành Windows, thuộc tính nào dưới đây dùng đề hiển thị thanh công việc (Taskbar) trên các cửa sổ chương trình?', 7, 1, 2, '2024-11-22 20:43:44'),
(445, 'Windows: Trong hệ điều hành Windows, để phục hồi tất cả các đối tượng trong Recycle Bin (thùng rác) ta nháy phải chuột tại Recycle Bin và chọn lệnh:', 7, 1, 2, '2024-11-22 20:43:44'),
(446, 'Windows: Nhấn giữ phím nào khi muốn chọn nhiều đối tượng liên tiếp nhau?', 7, 1, 2, '2024-11-22 20:43:44'),
(447, 'Windows: Trong hệ điều hành Windows, để dán các tệp/thư mục sau khi đã thực hiện lệnh copy, ta mở ổ đĩa, thư mục muốn chứa bản sao và:', 7, 1, 2, '2024-11-22 20:43:44'),
(448, 'Windows: Kiến thức chung: Các thành phần: bộ nhớ chính, bộ xử lý trung ương, bộ phận nhập xuất, các loại hệ điều hành là:', 7, 1, 2, '2024-11-22 20:43:44'),
(449, 'Windows: Trên hệ điều hành Windows, để chuyển đổi cửa sổ chương trình cần làm việc ta:', 7, 1, 2, '2024-11-22 20:43:44'),
(450, 'Windows: Trong các phần mềm sau, phần mềm nào là phần mềm ứng dụng?', 7, 1, 2, '2024-11-22 20:43:44'),
(451, 'Windows: muốn khôi phục đối tượng đã xóa, ta mở cửa sổ Recycle Bin, chọn đối tượng muốn khôi phục và', 7, 1, 2, '2024-11-22 20:43:44'),
(452, 'Windows: Muốn đổi tên cho thư mục/tệp tin trong hệ điều hành Windows, ta chọn thư mục/tệp tin cần đổi tên và thực hiện thao tác nào sau đây?', 7, 1, 2, '2024-11-22 20:43:44'),
(453, 'Windows: Để xoá các tệp/thư mục đang chọn ta thực hiện cách nào?', 7, 1, 2, '2024-11-22 20:43:44'),
(454, 'Windows: Để dán các tệp/thư mục sau khi đã thực hiện lệnh copy, ta mở ổ đĩa, thư mục muốn chứa bản sao và:', 7, 1, 2, '2024-11-22 20:43:44'),
(455, 'Windows: Trong hệ điều hành Windows, muốn đóng (thoát) cửa sổ chương trình ứng dụng đang làm việc ta:', 7, 1, 2, '2024-11-22 20:43:44'),
(456, 'Windows: Để quản lý tệp, thư mục ta thường dùng chương trình nào sau đây:', 7, 1, 2, '2024-11-22 20:43:44'),
(457, 'Windows: Muốn thay đổi các thông số khu vực trong hệ điều hành Windows như múi giờ, đơn vị tiền tệ, cách viết số, ... ta sử dụng chương trình nào trong các chương trình sau:', 7, 1, 2, '2024-11-22 20:43:44'),
(458, 'Windows: Muốn chọn tất cả các đối tượng trong cửa sổ thư mục hiện tại, ta dùng phím (tổ hợp phím) nào sau đây:', 7, 1, 2, '2024-11-22 20:43:44'),
(459, 'Windows: Thiết bị nhập chuẩn của máy vi tính là', 7, 1, 2, '2024-11-22 20:43:44'),
(460, 'Windows: Để đóng cửa sổ ứng dụng ta chọn', 7, 1, 2, '2024-11-22 20:43:44'),
(461, 'Windows: Để phóng to cửa sồ ta chọn:', 7, 1, 2, '2024-11-22 20:43:44'),
(462, 'Windows: Để thu nhỏ cửa sồ ta chọn', 7, 1, 2, '2024-11-22 20:43:44'),
(463, 'Windows: Để chuyển qua lại giữa các cửa sổ ta chọn', 7, 1, 2, '2024-11-22 20:43:44'),
(464, 'Windows: Trong hệ điều hành Windows, muốn sắp xếp các biểu tượng trên màn hình desktop theo Kích cỡ thì:', 7, 1, 2, '2024-11-22 20:43:44'),
(465, 'Windows: Trong hệ điều hành Windows, muốn tạo một thư mục mới trên màn hình desktop thì:', 7, 1, 2, '2024-11-22 20:43:44'),
(466, 'Windows: Trong hệ điều hành Windows, để tạo biểu tượng đường tắt (shortcut) cho đối tượng lên màn hình Desktop thì bạn:', 7, 1, 2, '2024-11-22 20:43:44'),
(467, 'Windows: Trong hệ điều hành Windows, để quản lý tập tin, thư mục bạn thường dùng chương trình nào?', 7, 1, 2, '2024-11-22 20:43:44'),
(468, 'Windows: Trong hệ điều hành Windows, muốn chọn tất cả các đối tượng trong cửa sổ thư mục hiện hành, bạn dùng tổ hợp phím nào sau đây?', 7, 1, 2, '2024-11-22 20:43:44'),
(469, 'Windows: Trong hệ điều hành Windows, muốn thiết lập thuộc tính ẩn cho thư mục thì:', 7, 1, 2, '2024-11-22 20:43:44');
INSERT INTO `question` (`id`, `question`, `id_source`, `status`, `id_user`, `updated_at`) VALUES
(470, 'Windows: Trong My Computer của hệ điều hành Windows, để tổ chức dữ liệu thành nhóm theo tên thì:', 7, 1, 2, '2024-11-22 20:43:44'),
(471, 'Windows: Trong hệ điều hành Windows, để đổi tên một tập tin hoặc thư mục thì bạn:', 7, 1, 2, '2024-11-22 20:43:44'),
(472, 'Windows: Phát biểu nào sau đây là không đúng:', 7, 1, 2, '2024-11-22 20:43:44'),
(473, 'Windows: Trong Control Panel của hệ điều hành Windows, chức năng Windows Update cho phép bạn:', 7, 1, 2, '2024-11-22 20:43:44'),
(474, 'Windows: Để nhìn thấy các máy tính trong mạng nội bộ thì nhắp chọn biểu tượng có tên', 7, 1, 2, '2024-11-22 20:43:44'),
(475, 'Windows: Để mở rộng một cửa sổ chương trình phóng to hết màn hình', 7, 1, 2, '2024-11-22 20:43:44'),
(476, 'Windows: Để khởi động lại máy tính, phát biểu nào dưới đây là sai', 7, 1, 2, '2024-11-22 20:43:44'),
(477, 'Windows: Đặt màn hình máy tính như thế nào là tốt nhất cho mắt bạn', 7, 1, 2, '2024-11-22 20:43:44'),
(478, 'Windows: Nút Reset có công dụng:', 7, 1, 2, '2024-11-22 20:43:44');

--
-- Triggers `question`
--
DELIMITER $$
CREATE TRIGGER `question_AFTER_INSERT` AFTER INSERT ON `question` FOR EACH ROW BEGIN
update csdlnc.source set updated_at = now() where csdlnc.source.id = NEW.id_source;
END
$$
DELIMITER ;
DELIMITER $$
CREATE TRIGGER `question_AFTER_UPDATE` AFTER UPDATE ON `question` FOR EACH ROW BEGIN
update csdlnc.source set updated_at = now() where csdlnc.source.id = OLD.id_source;
update csdlnc.source set updated_at = now() where csdlnc.source.id = NEW.id_source;
END
$$
DELIMITER ;

-- --------------------------------------------------------

--
-- Table structure for table `source`
--

CREATE TABLE `source` (
  `id` int(11) NOT NULL,
  `link` varchar(255) NOT NULL,
  `created_at` datetime NOT NULL,
  `updated_at` datetime DEFAULT NULL,
  `status` int(11) NOT NULL DEFAULT 1
) ENGINE=InnoDB DEFAULT CHARSET=utf8mb4 COLLATE=utf8mb4_general_ci;

--
-- Dumping data for table `source`
--

INSERT INTO `source` (`id`, `link`, `created_at`, `updated_at`, `status`) VALUES
(1, 'https://www.vietjack.com/trac-nghiem-dai-hoc/trac-nghiem-tin-hoc-dai-cuong.jsp', '2024-11-18 22:25:49', '2024-11-24 16:29:08', 1),
(2, 'https://baitaptracnghiem.com/danh-sach-bai-tap/tin-hoc-dai-cuong', '2024-11-18 22:26:27', '2024-11-23 22:58:27', 1),
(3, 'https://quizlet.com/vn/758925467/trac-nghiem-tin-hoc-dai-cuong-flash-cards/?funnelUUID=a634dc904ec9-421e-bb89-dbd8c59a0ac3', '2024-11-18 22:26:35', '2024-11-22 20:55:49', 1),
(4, 'https://tracnghiem.net/dai-hoc/trac-nghiem-tin-hoc-dai-cuong-48.html', '2024-11-18 22:26:39', '2024-11-22 20:56:04', 1),
(5, 'https://chatgpt.com/', '2024-11-18 22:26:42', '2024-11-24 15:39:16', 1),
(6, 'https://poe.com', '2024-11-18 22:26:46', '2024-11-22 20:52:36', 1),
(7, 'Trung tâm tin học đại cương thành phố Đồng Nai', '2024-11-22 19:41:53', '2024-11-22 20:43:44', 1);

-- --------------------------------------------------------

--
-- Table structure for table `user`
--

CREATE TABLE `user` (
  `id` int(11) NOT NULL,
  `name` varchar(100) CHARACTER SET utf8 COLLATE utf8_general_ci NOT NULL,
  `username` varchar(100) NOT NULL,
  `password` text NOT NULL,
  `status` int(11) NOT NULL DEFAULT 1,
  `token` text DEFAULT NULL,
  `publicKey` text DEFAULT NULL
) ENGINE=InnoDB DEFAULT CHARSET=utf8mb4 COLLATE=utf8mb4_general_ci;

--
-- Dumping data for table `user`
--

INSERT INTO `user` (`id`, `name`, `username`, `password`, `status`, `token`, `publicKey`) VALUES
(1, 'Nguyễn Công Trung', 'trungnc', '$2b$10$MyYiSk2eIfQi84Q/wiv6YO6kAnh8Bt8GOVeic0Yq9rm0yPAvZaRIS', 1, 'eyJhbGciOiJSUzI1NiIsInR5cCI6IkpXVCJ9.eyJpZCI6MSwibmFtZSI6Ik5ndXnhu4VuIEPDtG5nIFRydW5nIiwiaWF0IjoxNzMyNDM0OTMwLCJleHAiOjQzMjQ0MzQ5MzB9.nqwgdKmKxcokaxS8LqmayyjKuVHP9eqrw9VSyR1KMp6VwBZLpvO8k9jpgBUTqRdtj9XQVcydZUWRSZJk77uS4SQO979360_7cllxXiSOwrrIv6rEZyBfB_EdxdwQKe3KwIoFCWcAWhsA4drarZIt4XdhLWf7h_5rP2brh5XO5Aw9aygnuoxzjhSJo3Crykx2OfbI8-21Y66GbijFlzyG1u4ohCcXtevNeevmn_s2aJ_SQKcutml0pWTpTmo4Cz7gTnQSGJuMv4scuNlp736BiGoDfpM-zv_AUlYE10wMotJYIqXYzzoR3vQW6bqwnwQeHqtM0Uix01isfDnwsueAtQ', '-----BEGIN RSA PUBLIC KEY-----\nMIIBCgKCAQEAwIyOW03yrFDgjiOGUjrItUZaRFtnjj3fIT2nHxewSuh8TUDqilVc\njHTP6FjT5QG5lLQmCNZDaQAf/+fg2/D6Pdx1EE53u74cIYfW34eEK/YADprtSVjJ\nEwKPRjvkmuVKPRgNhDubtA8rXsMEOToAwpQdJWzISNazRoTkDH3j+i/RHYWCNjMw\n6GQ9heNqMrm/1DEh2qaq3LRwN5ROWOXyE6IZAPvVmuxnBd4ucLwwLGUHmlMykuSv\n7DJdC+eXIk0qBJ30E73gmzGyt0eg2hasZ7OWeWtpMbT2xG4ov8FNtbGWB/ipYCy9\njw6JhrrIRZ21VLxGk0kLn28yh27FUFBqxQIDAQAB\n-----END RSA PUBLIC KEY-----\n'),
(2, 'Đỗ Hoàng Tin', 'tindh', '$2b$10$Z0GDmxw9XI49oW8HewpvHezjwOf.RbB2uUuEgdLj3T69N91avXWZW', 1, NULL, NULL),
(3, 'Nguyễn Hoàng Thiên Bảo', 'baonht', '$2b$10$5192J82g34rc8HJLFVKO3eZLXfyHJlAsBZe7YcnwPT7z1QyjQn/Be', 1, NULL, NULL),
(4, 'Trần Hoài Bảo', 'baoth', '$2b$10$4PI4drmtIZmmWtQFLEHgV.Lxn7a7UFFRIGYbb09civR6q5RNFhB4S', 1, NULL, NULL),
(5, 'Hoàng Văn Lê Trí', 'trihvl', '$2b$10$yFVzr9NJI6Nb0ps.eFbCu.p6kXEaRR3ruHw9gyIm9QzE1pDhYL3Py', 1, NULL, NULL);

--
-- Indexes for dumped tables
--

--
-- Indexes for table `answer`
--
ALTER TABLE `answer`
  ADD PRIMARY KEY (`id`),
  ADD KEY `fk_answer_question_idx` (`id_question`),
  ADD KEY `idx_answer_id` (`id`);

--
-- Indexes for table `question`
--
ALTER TABLE `question`
  ADD PRIMARY KEY (`id`),
  ADD KEY `fk_question_source_idx` (`id_source`),
  ADD KEY `fk_question_user_idx` (`id_user`);

--
-- Indexes for table `source`
--
ALTER TABLE `source`
  ADD PRIMARY KEY (`id`);

--
-- Indexes for table `user`
--
ALTER TABLE `user`
  ADD PRIMARY KEY (`id`);

--
-- AUTO_INCREMENT for dumped tables
--

--
-- AUTO_INCREMENT for table `answer`
--
ALTER TABLE `answer`
  MODIFY `id` int(11) NOT NULL AUTO_INCREMENT, AUTO_INCREMENT=1919;

--
-- AUTO_INCREMENT for table `question`
--
ALTER TABLE `question`
  MODIFY `id` int(11) NOT NULL AUTO_INCREMENT, AUTO_INCREMENT=499;

--
-- AUTO_INCREMENT for table `source`
--
ALTER TABLE `source`
  MODIFY `id` int(11) NOT NULL AUTO_INCREMENT, AUTO_INCREMENT=10;

--
-- AUTO_INCREMENT for table `user`
--
ALTER TABLE `user`
  MODIFY `id` int(11) NOT NULL AUTO_INCREMENT, AUTO_INCREMENT=6;

--
-- Constraints for dumped tables
--

--
-- Constraints for table `answer`
--
ALTER TABLE `answer`
  ADD CONSTRAINT `fk_answer_question` FOREIGN KEY (`id_question`) REFERENCES `question` (`id`) ON DELETE NO ACTION ON UPDATE NO ACTION;

--
-- Constraints for table `question`
--
ALTER TABLE `question`
  ADD CONSTRAINT `fk_question_source` FOREIGN KEY (`id_source`) REFERENCES `source` (`id`) ON DELETE NO ACTION ON UPDATE NO ACTION,
  ADD CONSTRAINT `fk_question_user` FOREIGN KEY (`id_user`) REFERENCES `user` (`id`) ON DELETE NO ACTION ON UPDATE NO ACTION;
COMMIT;

/*!40101 SET CHARACTER_SET_CLIENT=@OLD_CHARACTER_SET_CLIENT */;
/*!40101 SET CHARACTER_SET_RESULTS=@OLD_CHARACTER_SET_RESULTS */;
/*!40101 SET COLLATION_CONNECTION=@OLD_COLLATION_CONNECTION */;
